horodatage_collecte,line_ref,item_identifier,monitoring_ref,recorded_at_time,expected_departure_time,departure_status,direction_name
2026-10-02T13:58:19.562861+00:00,ILEVIA:Line::M1:LOC,SIRI:388450256,ILEVIA:StopPoint:BP:PDB099:LOC,2026-09-20T14:31:42.073+02:00,2026-09-20T14:31:34.000+02:00,onTime,ALLER
2026-10-02T13:58:19.562861+00:00,ILEVIA:Line::M1:LOC,SIRI:388450261,ILEVIA:StopPoint:BP:CIE099:LOC,2026-09-20T14:55:21.269+02:00,2026-09-20T14:56:09.000+02:00,noReport,ALLER
2026-10-02T13:58:19.562861+00:00,ILEVIA:Line::M1:LOC,SIRI:388450264,ILEVIA:StopPoint:BP:REP099:LOC,2026-09-20T15:29:56.632+02:00,2026-09-20T15:32:38.000+02:00,noReport,ALLER
2026-10-02T13:58:19.562861+00:00,ILEVIA:Line::M1:LOC,SIRI:388450263,ILEVIA:StopPoint:BP:RIH099:LOC,2026-09-20T15:29:57.683+02:00,2026-09-20T15:31:14.000+02:00,noReport,ALLER
2026-10-02T13:58:19.562861+00:00,ILEVIA:Line::M1:LOC,SIRI:388450265,ILEVIA:StopPoint:BP:CGA099:LOC,2026-09-20T15:29:56.909+02:00,2026-09-20T15:35:10.000+02:00,noReport,ALLER
2026-10-02T13:58:19.562861+00:00,ILEVIA:Line::M1:LOC,SIRI:390294678,ILEVIA:StopPoint:BP:CGA098:LOC,2026-09-30T06:00:38.615+02:00,2026-09-30T06:02:20.000+02:00,noReport,RETOUR
2026-10-02T13:58:19.562861+00:00,ILEVIA:Line::M1:LOC,SIRI:390294847,ILEVIA:StopPoint:BP:CGA098:LOC,2026-09-30T06:00:38.615+02:00,2026-09-30T06:03:12.000+02:00,noReport,RETOUR
2026-10-02T13:58:19.562861+00:00,ILEVIA:Line::M1:LOC,SIRI:390294860,ILEVIA:StopPoint:BP:4CA098:LOC,2026-09-30T06:00:38.015+02:00,,,RETOUR
2026-10-02T13:58:19.562861+00:00,ILEVIA:Line::M1:LOC,SIRI:390294691,ILEVIA:StopPoint:BP:4CA098:LOC,2026-09-30T06:00:38.015+02:00,,,RETOUR
2026-10-02T13:58:19.562861+00:00,ILEVIA:Line::M1:LOC,SIRI:390294852,ILEVIA:StopPoint:BP:DFI098:LOC,2026-09-30T06:00:36.878+02:00,2026-09-30T06:13:46.000+02:00,noReport,RETOUR
2026-10-02T13:58:19.562861+00:00,ILEVIA:Line::M1:LOC,SIRI:390294683,ILEVIA:StopPoint:BP:DFI098:LOC,2026-09-30T06:00:36.878+02:00,2026-09-30T06:12:54.000+02:00,noReport,RETOUR
2026-10-02T13:58:19.562861+00:00,ILEVIA:Line::M1:LOC,SIRI:390294848,ILEVIA:StopPoint:BP:REP098:LOC,2026-09-30T06:00:37.602+02:00,2026-09-30T06:05:44.000+02:00,noReport,RETOUR
2026-10-02T13:58:19.562861+00:00,ILEVIA:Line::M1:LOC,SIRI:390294679,ILEVIA:StopPoint:BP:REP098:LOC,2026-09-30T06:00:37.602+02:00,2026-09-30T06:04:52.000+02:00,noReport,RETOUR
2026-10-02T13:58:19.562861+00:00,ILEVIA:Line::M1:LOC,SIRI:390294688,ILEVIA:StopPoint:BP:HDV098:LOC,2026-09-30T06:00:37.958+02:00,2026-09-30T06:23:48.000+02:00,noReport,RETOUR
2026-10-02T13:58:19.562861+00:00,ILEVIA:Line::M1:LOC,SIRI:390294857,ILEVIA:StopPoint:BP:HDV098:LOC,2026-09-30T06:00:37.958+02:00,2026-09-30T06:24:40.000+02:00,noReport,RETOUR
2026-10-02T13:58:19.562861+00:00,ILEVIA:Line::M1:LOC,SIRI:390294854,ILEVIA:StopPoint:BP:MHE098:LOC,2026-09-30T06:00:38.455+02:00,2026-09-30T06:18:07.000+02:00,noReport,RETOUR
2026-10-02T13:58:19.562861+00:00,ILEVIA:Line::M1:LOC,SIRI:390294685,ILEVIA:StopPoint:BP:MHE098:LOC,2026-09-30T06:00:38.455+02:00,2026-09-30T06:17:15.000+02:00,noReport,RETOUR
2026-10-02T13:58:19.562861+00:00,ILEVIA:Line::M1:LOC,SIRI:390294853,ILEVIA:StopPoint:BP:MRB098:LOC,2026-09-30T06:00:37.005+02:00,2026-09-30T06:15:33.000+02:00,noReport,RETOUR
2026-10-02T13:58:19.562861+00:00,ILEVIA:Line::M1:LOC,SIRI:390294684,ILEVIA:StopPoint:BP:MRB098:LOC,2026-09-30T06:00:37.005+02:00,2026-09-30T06:14:41.000+02:00,noReport,RETOUR
2026-10-02T13:58:19.562861+00:00,ILEVIA:Line::M1:LOC,SIRI:390294849,ILEVIA:StopPoint:BP:RIH098:LOC,2026-09-30T06:00:40.575+02:00,2026-09-30T06:07:08.000+02:00,noReport,RETOUR
2026-10-02T13:58:19.562861+00:00,ILEVIA:Line::M1:LOC,SIRI:390294680,ILEVIA:StopPoint:BP:RIH098:LOC,2026-09-30T06:00:40.575+02:00,2026-09-30T06:06:16.000+02:00,noReport,RETOUR
2026-10-02T13:58:19.562861+00:00,ILEVIA:Line::M1:LOC,SIRI:390294677,ILEVIA:StopPoint:BP:WAZ098:LOC,2026-09-30T06:00:38.551+02:00,2026-09-30T06:01:16.000+02:00,noReport,RETOUR
2026-10-02T13:58:19.562861+00:00,ILEVIA:Line::M1:LOC,SIRI:390294846,ILEVIA:StopPoint:BP:WAZ098:LOC,2026-09-30T06:00:38.551+02:00,2026-09-30T06:02:08.000+02:00,noReport,RETOUR
2026-10-02T13:58:19.562861+00:00,ILEVIA:Line::M1:LOC,SIRI:390294856,ILEVIA:StopPoint:BP:PDB098:LOC,2026-09-30T06:00:49.112+02:00,2026-09-30T06:22:24.000+02:00,noReport,RETOUR
2026-10-02T13:58:19.562861+00:00,ILEVIA:Line::M1:LOC,SIRI:390294859,ILEVIA:StopPoint:BP:CSC098:LOC,2026-09-30T06:00:44.030+02:00,2026-09-30T06:28:15.000+02:00,noReport,RETOUR
2026-10-02T13:58:19.562861+00:00,ILEVIA:Line::M1:LOC,SIRI:390294851,ILEVIA:StopPoint:BP:CIE098:LOC,2026-09-30T06:00:47.884+02:00,2026-09-30T06:12:25.000+02:00,noReport,RETOUR
2026-10-02T13:58:19.562861+00:00,ILEVIA:Line::M1:LOC,SIRI:390294850,ILEVIA:StopPoint:BP:LIG098:LOC,2026-09-30T06:00:43.971+02:00,2026-09-30T06:08:56.000+02:00,noReport,RETOUR
2026-10-02T13:58:19.562861+00:00,ILEVIA:Line::M1:LOC,SIRI:390294855,ILEVIA:StopPoint:BP:LZN098:LOC,2026-09-30T06:00:48.262+02:00,2026-09-30T06:19:47.000+02:00,noReport,RETOUR
2026-10-02T13:58:19.562861+00:00,ILEVIA:Line::M1:LOC,SIRI:390294858,ILEVIA:StopPoint:BP:TIO098:LOC,2026-09-30T06:00:49.792+02:00,2026-09-30T06:26:43.000+02:00,noReport,RETOUR
2026-10-02T13:58:19.562861+00:00,ILEVIA:Line::RME1:LOC,SIRI:390295543,ILEVIA:StopPoint:BP:CGA198:LOC,2026-09-30T06:53:40.464+02:00,2026-09-30T06:56:03.000+02:00,noReport,RETOUR
2026-10-02T13:58:19.562861+00:00,ILEVIA:Line::RME1:LOC,SIRI:390295542,ILEVIA:StopPoint:BP:WAZ198:LOC,2026-09-30T06:53:38.682+02:00,2026-09-30T06:54:38.000+02:00,noReport,RETOUR
2026-10-02T13:58:19.562861+00:00,ILEVIA:Line::RME1:LOC,SIRI:390295808,ILEVIA:StopPoint:BP:HDV198:LOC,2026-09-30T07:45:21.324+02:00,2026-09-30T07:51:10.000+02:00,noReport,RETOUR
2026-10-02T13:58:19.562861+00:00,ILEVIA:Line::RME1:LOC,SIRI:390296400,ILEVIA:StopPoint:BP:DFI198:LOC,2026-09-30T07:53:17.552+02:00,2026-09-30T08:07:58.000+02:00,noReport,ALLER
2026-10-02T13:58:19.562861+00:00,ILEVIA:Line::RME1:LOC,SIRI:390296405,ILEVIA:StopPoint:BP:WAZ199:LOC,2026-09-30T08:07:43.853+02:00,2026-09-30T08:23:25.000+02:00,noReport,ALLER
2026-10-02T13:58:19.562861+00:00,ILEVIA:Line::RME1:LOC,SIRI:390296404,ILEVIA:StopPoint:BP:CGA199:LOC,2026-09-30T08:07:53.710+02:00,2026-09-30T08:22:03.000+02:00,noReport,ALLER
2026-10-02T17:57:32.295844+00:00,ILEVIA:Line::M1:LOC,SIRI:388450256,ILEVIA:StopPoint:BP:PDB099:LOC,2026-09-20T14:31:42.073+02:00,2026-09-20T14:31:34.000+02:00,onTime,ALLER
2026-10-02T17:57:32.295844+00:00,ILEVIA:Line::M1:LOC,SIRI:388450261,ILEVIA:StopPoint:BP:CIE099:LOC,2026-09-20T14:55:21.269+02:00,2026-09-20T14:56:09.000+02:00,noReport,ALLER
2026-10-02T17:57:32.295844+00:00,ILEVIA:Line::M1:LOC,SIRI:388450264,ILEVIA:StopPoint:BP:REP099:LOC,2026-09-20T15:29:56.632+02:00,2026-09-20T15:32:38.000+02:00,noReport,ALLER
2026-10-02T17:57:32.295844+00:00,ILEVIA:Line::M1:LOC,SIRI:388450263,ILEVIA:StopPoint:BP:RIH099:LOC,2026-09-20T15:29:57.683+02:00,2026-09-20T15:31:14.000+02:00,noReport,ALLER
2026-10-02T17:57:32.295844+00:00,ILEVIA:Line::M1:LOC,SIRI:388450265,ILEVIA:StopPoint:BP:CGA099:LOC,2026-09-20T15:29:56.909+02:00,2026-09-20T15:35:10.000+02:00,noReport,ALLER
2026-10-02T17:57:32.295844+00:00,ILEVIA:Line::M1:LOC,SIRI:390294678,ILEVIA:StopPoint:BP:CGA098:LOC,2026-09-30T06:00:38.615+02:00,2026-09-30T06:02:20.000+02:00,noReport,RETOUR
2026-10-02T17:57:32.295844+00:00,ILEVIA:Line::M1:LOC,SIRI:390294847,ILEVIA:StopPoint:BP:CGA098:LOC,2026-09-30T06:00:38.615+02:00,2026-09-30T06:03:12.000+02:00,noReport,RETOUR
2026-10-02T17:57:32.295844+00:00,ILEVIA:Line::M1:LOC,SIRI:390294860,ILEVIA:StopPoint:BP:4CA098:LOC,2026-09-30T06:00:38.015+02:00,,,RETOUR
2026-10-02T17:57:32.295844+00:00,ILEVIA:Line::M1:LOC,SIRI:390294691,ILEVIA:StopPoint:BP:4CA098:LOC,2026-09-30T06:00:38.015+02:00,,,RETOUR
2026-10-02T17:57:32.295844+00:00,ILEVIA:Line::M1:LOC,SIRI:390294852,ILEVIA:StopPoint:BP:DFI098:LOC,2026-09-30T06:00:36.878+02:00,2026-09-30T06:13:46.000+02:00,noReport,RETOUR
2026-10-02T17:57:32.295844+00:00,ILEVIA:Line::M1:LOC,SIRI:390294683,ILEVIA:StopPoint:BP:DFI098:LOC,2026-09-30T06:00:36.878+02:00,2026-09-30T06:12:54.000+02:00,noReport,RETOUR
2026-10-02T17:57:32.295844+00:00,ILEVIA:Line::M1:LOC,SIRI:390294848,ILEVIA:StopPoint:BP:REP098:LOC,2026-09-30T06:00:37.602+02:00,2026-09-30T06:05:44.000+02:00,noReport,RETOUR
2026-10-02T17:57:32.295844+00:00,ILEVIA:Line::M1:LOC,SIRI:390294679,ILEVIA:StopPoint:BP:REP098:LOC,2026-09-30T06:00:37.602+02:00,2026-09-30T06:04:52.000+02:00,noReport,RETOUR
2026-10-02T17:57:32.295844+00:00,ILEVIA:Line::M1:LOC,SIRI:390294688,ILEVIA:StopPoint:BP:HDV098:LOC,2026-09-30T06:00:37.958+02:00,2026-09-30T06:23:48.000+02:00,noReport,RETOUR
2026-10-02T17:57:32.295844+00:00,ILEVIA:Line::M1:LOC,SIRI:390294857,ILEVIA:StopPoint:BP:HDV098:LOC,2026-09-30T06:00:37.958+02:00,2026-09-30T06:24:40.000+02:00,noReport,RETOUR
2026-10-02T17:57:32.295844+00:00,ILEVIA:Line::M1:LOC,SIRI:390294854,ILEVIA:StopPoint:BP:MHE098:LOC,2026-09-30T06:00:38.455+02:00,2026-09-30T06:18:07.000+02:00,noReport,RETOUR
2026-10-02T17:57:32.295844+00:00,ILEVIA:Line::M1:LOC,SIRI:390294685,ILEVIA:StopPoint:BP:MHE098:LOC,2026-09-30T06:00:38.455+02:00,2026-09-30T06:17:15.000+02:00,noReport,RETOUR
2026-10-02T17:57:32.295844+00:00,ILEVIA:Line::M1:LOC,SIRI:390294853,ILEVIA:StopPoint:BP:MRB098:LOC,2026-09-30T06:00:37.005+02:00,2026-09-30T06:15:33.000+02:00,noReport,RETOUR
2026-10-02T17:57:32.295844+00:00,ILEVIA:Line::M1:LOC,SIRI:390294684,ILEVIA:StopPoint:BP:MRB098:LOC,2026-09-30T06:00:37.005+02:00,2026-09-30T06:14:41.000+02:00,noReport,RETOUR
2026-10-02T17:57:32.295844+00:00,ILEVIA:Line::M1:LOC,SIRI:390294849,ILEVIA:StopPoint:BP:RIH098:LOC,2026-09-30T06:00:40.575+02:00,2026-09-30T06:07:08.000+02:00,noReport,RETOUR
2026-10-02T17:57:32.295844+00:00,ILEVIA:Line::M1:LOC,SIRI:390294680,ILEVIA:StopPoint:BP:RIH098:LOC,2026-09-30T06:00:40.575+02:00,2026-09-30T06:06:16.000+02:00,noReport,RETOUR
2026-10-02T17:57:32.295844+00:00,ILEVIA:Line::M1:LOC,SIRI:390294677,ILEVIA:StopPoint:BP:WAZ098:LOC,2026-09-30T06:00:38.551+02:00,2026-09-30T06:01:16.000+02:00,noReport,RETOUR
2026-10-02T17:57:32.295844+00:00,ILEVIA:Line::M1:LOC,SIRI:390294846,ILEVIA:StopPoint:BP:WAZ098:LOC,2026-09-30T06:00:38.551+02:00,2026-09-30T06:02:08.000+02:00,noReport,RETOUR
2026-10-02T17:57:32.295844+00:00,ILEVIA:Line::M1:LOC,SIRI:390294856,ILEVIA:StopPoint:BP:PDB098:LOC,2026-09-30T06:00:49.112+02:00,2026-09-30T06:22:24.000+02:00,noReport,RETOUR
2026-10-02T17:57:32.295844+00:00,ILEVIA:Line::M1:LOC,SIRI:390294859,ILEVIA:StopPoint:BP:CSC098:LOC,2026-09-30T06:00:44.030+02:00,2026-09-30T06:28:15.000+02:00,noReport,RETOUR
2026-10-02T17:57:32.295844+00:00,ILEVIA:Line::M1:LOC,SIRI:390294851,ILEVIA:StopPoint:BP:CIE098:LOC,2026-09-30T06:00:47.884+02:00,2026-09-30T06:12:25.000+02:00,noReport,RETOUR
2026-10-02T17:57:32.295844+00:00,ILEVIA:Line::M1:LOC,SIRI:390294850,ILEVIA:StopPoint:BP:LIG098:LOC,2026-09-30T06:00:43.971+02:00,2026-09-30T06:08:56.000+02:00,noReport,RETOUR
2026-10-02T17:57:32.295844+00:00,ILEVIA:Line::M1:LOC,SIRI:390294855,ILEVIA:StopPoint:BP:LZN098:LOC,2026-09-30T06:00:48.262+02:00,2026-09-30T06:19:47.000+02:00,noReport,RETOUR
2026-10-02T17:57:32.295844+00:00,ILEVIA:Line::M1:LOC,SIRI:390294858,ILEVIA:StopPoint:BP:TIO098:LOC,2026-09-30T06:00:49.792+02:00,2026-09-30T06:26:43.000+02:00,noReport,RETOUR
2026-10-02T17:57:32.295844+00:00,ILEVIA:Line::RME1:LOC,SIRI:390295543,ILEVIA:StopPoint:BP:CGA198:LOC,2026-09-30T06:53:40.464+02:00,2026-09-30T06:56:03.000+02:00,noReport,RETOUR
2026-10-02T17:57:32.295844+00:00,ILEVIA:Line::RME1:LOC,SIRI:390295542,ILEVIA:StopPoint:BP:WAZ198:LOC,2026-09-30T06:53:38.682+02:00,2026-09-30T06:54:38.000+02:00,noReport,RETOUR
2026-10-02T17:57:32.295844+00:00,ILEVIA:Line::RME1:LOC,SIRI:390295808,ILEVIA:StopPoint:BP:HDV198:LOC,2026-09-30T07:45:21.324+02:00,2026-09-30T07:51:10.000+02:00,noReport,RETOUR
2026-10-02T17:57:32.295844+00:00,ILEVIA:Line::RME1:LOC,SIRI:390296400,ILEVIA:StopPoint:BP:DFI198:LOC,2026-09-30T07:53:17.552+02:00,2026-09-30T08:07:58.000+02:00,noReport,ALLER
2026-10-02T17:57:32.295844+00:00,ILEVIA:Line::RME1:LOC,SIRI:390296405,ILEVIA:StopPoint:BP:WAZ199:LOC,2026-09-30T08:07:43.853+02:00,2026-09-30T08:23:25.000+02:00,noReport,ALLER
2026-10-02T17:57:32.295844+00:00,ILEVIA:Line::RME1:LOC,SIRI:390296404,ILEVIA:StopPoint:BP:CGA199:LOC,2026-09-30T08:07:53.710+02:00,2026-09-30T08:22:03.000+02:00,noReport,ALLER
2026-10-02T21:46:39.010462+00:00,ILEVIA:Line::M1:LOC,SIRI:388450256,ILEVIA:StopPoint:BP:PDB099:LOC,2026-09-20T14:31:42.073+02:00,2026-09-20T14:31:34.000+02:00,onTime,ALLER
2026-10-02T21:46:39.010462+00:00,ILEVIA:Line::M1:LOC,SIRI:388450261,ILEVIA:StopPoint:BP:CIE099:LOC,2026-09-20T14:55:21.269+02:00,2026-09-20T14:56:09.000+02:00,noReport,ALLER
2026-10-02T21:46:39.010462+00:00,ILEVIA:Line::M1:LOC,SIRI:388450264,ILEVIA:StopPoint:BP:REP099:LOC,2026-09-20T15:29:56.632+02:00,2026-09-20T15:32:38.000+02:00,noReport,ALLER
2026-10-02T21:46:39.010462+00:00,ILEVIA:Line::M1:LOC,SIRI:388450263,ILEVIA:StopPoint:BP:RIH099:LOC,2026-09-20T15:29:57.683+02:00,2026-09-20T15:31:14.000+02:00,noReport,ALLER
2026-10-02T21:46:39.010462+00:00,ILEVIA:Line::M1:LOC,SIRI:388450265,ILEVIA:StopPoint:BP:CGA099:LOC,2026-09-20T15:29:56.909+02:00,2026-09-20T15:35:10.000+02:00,noReport,ALLER
2026-10-02T21:46:39.010462+00:00,ILEVIA:Line::M1:LOC,SIRI:390294678,ILEVIA:StopPoint:BP:CGA098:LOC,2026-09-30T06:00:38.615+02:00,2026-09-30T06:02:20.000+02:00,noReport,RETOUR
2026-10-02T21:46:39.010462+00:00,ILEVIA:Line::M1:LOC,SIRI:390294847,ILEVIA:StopPoint:BP:CGA098:LOC,2026-09-30T06:00:38.615+02:00,2026-09-30T06:03:12.000+02:00,noReport,RETOUR
2026-10-02T21:46:39.010462+00:00,ILEVIA:Line::M1:LOC,SIRI:390294860,ILEVIA:StopPoint:BP:4CA098:LOC,2026-09-30T06:00:38.015+02:00,,,RETOUR
2026-10-02T21:46:39.010462+00:00,ILEVIA:Line::M1:LOC,SIRI:390294691,ILEVIA:StopPoint:BP:4CA098:LOC,2026-09-30T06:00:38.015+02:00,,,RETOUR
2026-10-02T21:46:39.010462+00:00,ILEVIA:Line::M1:LOC,SIRI:390294852,ILEVIA:StopPoint:BP:DFI098:LOC,2026-09-30T06:00:36.878+02:00,2026-09-30T06:13:46.000+02:00,noReport,RETOUR
2026-10-02T21:46:39.010462+00:00,ILEVIA:Line::M1:LOC,SIRI:390294683,ILEVIA:StopPoint:BP:DFI098:LOC,2026-09-30T06:00:36.878+02:00,2026-09-30T06:12:54.000+02:00,noReport,RETOUR
2026-10-02T21:46:39.010462+00:00,ILEVIA:Line::M1:LOC,SIRI:390294848,ILEVIA:StopPoint:BP:REP098:LOC,2026-09-30T06:00:37.602+02:00,2026-09-30T06:05:44.000+02:00,noReport,RETOUR
2026-10-02T21:46:39.010462+00:00,ILEVIA:Line::M1:LOC,SIRI:390294679,ILEVIA:StopPoint:BP:REP098:LOC,2026-09-30T06:00:37.602+02:00,2026-09-30T06:04:52.000+02:00,noReport,RETOUR
2026-10-02T21:46:39.010462+00:00,ILEVIA:Line::M1:LOC,SIRI:390294688,ILEVIA:StopPoint:BP:HDV098:LOC,2026-09-30T06:00:37.958+02:00,2026-09-30T06:23:48.000+02:00,noReport,RETOUR
2026-10-02T21:46:39.010462+00:00,ILEVIA:Line::M1:LOC,SIRI:390294857,ILEVIA:StopPoint:BP:HDV098:LOC,2026-09-30T06:00:37.958+02:00,2026-09-30T06:24:40.000+02:00,noReport,RETOUR
2026-10-02T21:46:39.010462+00:00,ILEVIA:Line::M1:LOC,SIRI:390294854,ILEVIA:StopPoint:BP:MHE098:LOC,2026-09-30T06:00:38.455+02:00,2026-09-30T06:18:07.000+02:00,noReport,RETOUR
2026-10-02T21:46:39.010462+00:00,ILEVIA:Line::M1:LOC,SIRI:390294685,ILEVIA:StopPoint:BP:MHE098:LOC,2026-09-30T06:00:38.455+02:00,2026-09-30T06:17:15.000+02:00,noReport,RETOUR
2026-10-02T21:46:39.010462+00:00,ILEVIA:Line::M1:LOC,SIRI:390294853,ILEVIA:StopPoint:BP:MRB098:LOC,2026-09-30T06:00:37.005+02:00,2026-09-30T06:15:33.000+02:00,noReport,RETOUR
2026-10-02T21:46:39.010462+00:00,ILEVIA:Line::M1:LOC,SIRI:390294684,ILEVIA:StopPoint:BP:MRB098:LOC,2026-09-30T06:00:37.005+02:00,2026-09-30T06:14:41.000+02:00,noReport,RETOUR
2026-10-02T21:46:39.010462+00:00,ILEVIA:Line::M1:LOC,SIRI:390294849,ILEVIA:StopPoint:BP:RIH098:LOC,2026-09-30T06:00:40.575+02:00,2026-09-30T06:07:08.000+02:00,noReport,RETOUR
2026-10-02T21:46:39.010462+00:00,ILEVIA:Line::M1:LOC,SIRI:390294680,ILEVIA:StopPoint:BP:RIH098:LOC,2026-09-30T06:00:40.575+02:00,2026-09-30T06:06:16.000+02:00,noReport,RETOUR
2026-10-02T21:46:39.010462+00:00,ILEVIA:Line::M1:LOC,SIRI:390294677,ILEVIA:StopPoint:BP:WAZ098:LOC,2026-09-30T06:00:38.551+02:00,2026-09-30T06:01:16.000+02:00,noReport,RETOUR
2026-10-02T21:46:39.010462+00:00,ILEVIA:Line::M1:LOC,SIRI:390294846,ILEVIA:StopPoint:BP:WAZ098:LOC,2026-09-30T06:00:38.551+02:00,2026-09-30T06:02:08.000+02:00,noReport,RETOUR
2026-10-02T21:46:39.010462+00:00,ILEVIA:Line::M1:LOC,SIRI:390294856,ILEVIA:StopPoint:BP:PDB098:LOC,2026-09-30T06:00:49.112+02:00,2026-09-30T06:22:24.000+02:00,noReport,RETOUR
2026-10-02T21:46:39.010462+00:00,ILEVIA:Line::M1:LOC,SIRI:390294859,ILEVIA:StopPoint:BP:CSC098:LOC,2026-09-30T06:00:44.030+02:00,2026-09-30T06:28:15.000+02:00,noReport,RETOUR
2026-10-02T21:46:39.010462+00:00,ILEVIA:Line::M1:LOC,SIRI:390294851,ILEVIA:StopPoint:BP:CIE098:LOC,2026-09-30T06:00:47.884+02:00,2026-09-30T06:12:25.000+02:00,noReport,RETOUR
2026-10-02T21:46:39.010462+00:00,ILEVIA:Line::M1:LOC,SIRI:390294850,ILEVIA:StopPoint:BP:LIG098:LOC,2026-09-30T06:00:43.971+02:00,2026-09-30T06:08:56.000+02:00,noReport,RETOUR
2026-10-02T21:46:39.010462+00:00,ILEVIA:Line::M1:LOC,SIRI:390294855,ILEVIA:StopPoint:BP:LZN098:LOC,2026-09-30T06:00:48.262+02:00,2026-09-30T06:19:47.000+02:00,noReport,RETOUR
2026-10-02T21:46:39.010462+00:00,ILEVIA:Line::M1:LOC,SIRI:390294858,ILEVIA:StopPoint:BP:TIO098:LOC,2026-09-30T06:00:49.792+02:00,2026-09-30T06:26:43.000+02:00,noReport,RETOUR
2026-10-02T21:46:39.010462+00:00,ILEVIA:Line::RME1:LOC,SIRI:390295543,ILEVIA:StopPoint:BP:CGA198:LOC,2026-09-30T06:53:40.464+02:00,2026-09-30T06:56:03.000+02:00,noReport,RETOUR
2026-10-02T21:46:39.010462+00:00,ILEVIA:Line::RME1:LOC,SIRI:390295542,ILEVIA:StopPoint:BP:WAZ198:LOC,2026-09-30T06:53:38.682+02:00,2026-09-30T06:54:38.000+02:00,noReport,RETOUR
2026-10-02T21:46:39.010462+00:00,ILEVIA:Line::RME1:LOC,SIRI:390295808,ILEVIA:StopPoint:BP:HDV198:LOC,2026-09-30T07:45:21.324+02:00,2026-09-30T07:51:10.000+02:00,noReport,RETOUR
2026-10-02T21:46:39.010462+00:00,ILEVIA:Line::RME1:LOC,SIRI:390296400,ILEVIA:StopPoint:BP:DFI198:LOC,2026-09-30T07:53:17.552+02:00,2026-09-30T08:07:58.000+02:00,noReport,ALLER
2026-10-02T21:46:39.010462+00:00,ILEVIA:Line::RME1:LOC,SIRI:390296405,ILEVIA:StopPoint:BP:WAZ199:LOC,2026-09-30T08:07:43.853+02:00,2026-09-30T08:23:25.000+02:00,noReport,ALLER
2026-10-02T21:46:39.010462+00:00,ILEVIA:Line::RME1:LOC,SIRI:390296404,ILEVIA:StopPoint:BP:CGA199:LOC,2026-09-30T08:07:53.710+02:00,2026-09-30T08:22:03.000+02:00,noReport,ALLER
2026-10-03T00:45:26.492576+00:00,ILEVIA:Line::M1:LOC,SIRI:388450256,ILEVIA:StopPoint:BP:PDB099:LOC,2026-09-20T14:31:42.073+02:00,2026-09-20T14:31:34.000+02:00,onTime,ALLER
2026-10-03T00:45:26.492576+00:00,ILEVIA:Line::M1:LOC,SIRI:388450261,ILEVIA:StopPoint:BP:CIE099:LOC,2026-09-20T14:55:21.269+02:00,2026-09-20T14:56:09.000+02:00,noReport,ALLER
2026-10-03T00:45:26.492576+00:00,ILEVIA:Line::M1:LOC,SIRI:388450264,ILEVIA:StopPoint:BP:REP099:LOC,2026-09-20T15:29:56.632+02:00,2026-09-20T15:32:38.000+02:00,noReport,ALLER
2026-10-03T00:45:26.492576+00:00,ILEVIA:Line::M1:LOC,SIRI:388450263,ILEVIA:StopPoint:BP:RIH099:LOC,2026-09-20T15:29:57.683+02:00,2026-09-20T15:31:14.000+02:00,noReport,ALLER
2026-10-03T00:45:26.492576+00:00,ILEVIA:Line::M1:LOC,SIRI:388450265,ILEVIA:StopPoint:BP:CGA099:LOC,2026-09-20T15:29:56.909+02:00,2026-09-20T15:35:10.000+02:00,noReport,ALLER
2026-10-03T00:45:26.492576+00:00,ILEVIA:Line::M1:LOC,SIRI:390294678,ILEVIA:StopPoint:BP:CGA098:LOC,2026-09-30T06:00:38.615+02:00,2026-09-30T06:02:20.000+02:00,noReport,RETOUR
2026-10-03T00:45:26.492576+00:00,ILEVIA:Line::M1:LOC,SIRI:390294847,ILEVIA:StopPoint:BP:CGA098:LOC,2026-09-30T06:00:38.615+02:00,2026-09-30T06:03:12.000+02:00,noReport,RETOUR
2026-10-03T00:45:26.492576+00:00,ILEVIA:Line::M1:LOC,SIRI:390294860,ILEVIA:StopPoint:BP:4CA098:LOC,2026-09-30T06:00:38.015+02:00,,,RETOUR
2026-10-03T00:45:26.492576+00:00,ILEVIA:Line::M1:LOC,SIRI:390294691,ILEVIA:StopPoint:BP:4CA098:LOC,2026-09-30T06:00:38.015+02:00,,,RETOUR
2026-10-03T00:45:26.492576+00:00,ILEVIA:Line::M1:LOC,SIRI:390294852,ILEVIA:StopPoint:BP:DFI098:LOC,2026-09-30T06:00:36.878+02:00,2026-09-30T06:13:46.000+02:00,noReport,RETOUR
2026-10-03T00:45:26.492576+00:00,ILEVIA:Line::M1:LOC,SIRI:390294683,ILEVIA:StopPoint:BP:DFI098:LOC,2026-09-30T06:00:36.878+02:00,2026-09-30T06:12:54.000+02:00,noReport,RETOUR
2026-10-03T00:45:26.492576+00:00,ILEVIA:Line::M1:LOC,SIRI:390294848,ILEVIA:StopPoint:BP:REP098:LOC,2026-09-30T06:00:37.602+02:00,2026-09-30T06:05:44.000+02:00,noReport,RETOUR
2026-10-03T00:45:26.492576+00:00,ILEVIA:Line::M1:LOC,SIRI:390294679,ILEVIA:StopPoint:BP:REP098:LOC,2026-09-30T06:00:37.602+02:00,2026-09-30T06:04:52.000+02:00,noReport,RETOUR
2026-10-03T00:45:26.492576+00:00,ILEVIA:Line::M1:LOC,SIRI:390294688,ILEVIA:StopPoint:BP:HDV098:LOC,2026-09-30T06:00:37.958+02:00,2026-09-30T06:23:48.000+02:00,noReport,RETOUR
2026-10-03T00:45:26.492576+00:00,ILEVIA:Line::M1:LOC,SIRI:390294857,ILEVIA:StopPoint:BP:HDV098:LOC,2026-09-30T06:00:37.958+02:00,2026-09-30T06:24:40.000+02:00,noReport,RETOUR
2026-10-03T00:45:26.492576+00:00,ILEVIA:Line::M1:LOC,SIRI:390294854,ILEVIA:StopPoint:BP:MHE098:LOC,2026-09-30T06:00:38.455+02:00,2026-09-30T06:18:07.000+02:00,noReport,RETOUR
2026-10-03T00:45:26.492576+00:00,ILEVIA:Line::M1:LOC,SIRI:390294685,ILEVIA:StopPoint:BP:MHE098:LOC,2026-09-30T06:00:38.455+02:00,2026-09-30T06:17:15.000+02:00,noReport,RETOUR
2026-10-03T00:45:26.492576+00:00,ILEVIA:Line::M1:LOC,SIRI:390294853,ILEVIA:StopPoint:BP:MRB098:LOC,2026-09-30T06:00:37.005+02:00,2026-09-30T06:15:33.000+02:00,noReport,RETOUR
2026-10-03T00:45:26.492576+00:00,ILEVIA:Line::M1:LOC,SIRI:390294684,ILEVIA:StopPoint:BP:MRB098:LOC,2026-09-30T06:00:37.005+02:00,2026-09-30T06:14:41.000+02:00,noReport,RETOUR
2026-10-03T00:45:26.492576+00:00,ILEVIA:Line::M1:LOC,SIRI:390294849,ILEVIA:StopPoint:BP:RIH098:LOC,2026-09-30T06:00:40.575+02:00,2026-09-30T06:07:08.000+02:00,noReport,RETOUR
2026-10-03T00:45:26.492576+00:00,ILEVIA:Line::M1:LOC,SIRI:390294680,ILEVIA:StopPoint:BP:RIH098:LOC,2026-09-30T06:00:40.575+02:00,2026-09-30T06:06:16.000+02:00,noReport,RETOUR
2026-10-03T00:45:26.492576+00:00,ILEVIA:Line::M1:LOC,SIRI:390294677,ILEVIA:StopPoint:BP:WAZ098:LOC,2026-09-30T06:00:38.551+02:00,2026-09-30T06:01:16.000+02:00,noReport,RETOUR
2026-10-03T00:45:26.492576+00:00,ILEVIA:Line::M1:LOC,SIRI:390294846,ILEVIA:StopPoint:BP:WAZ098:LOC,2026-09-30T06:00:38.551+02:00,2026-09-30T06:02:08.000+02:00,noReport,RETOUR
2026-10-03T00:45:26.492576+00:00,ILEVIA:Line::M1:LOC,SIRI:390294856,ILEVIA:StopPoint:BP:PDB098:LOC,2026-09-30T06:00:49.112+02:00,2026-09-30T06:22:24.000+02:00,noReport,RETOUR
2026-10-03T00:45:26.492576+00:00,ILEVIA:Line::M1:LOC,SIRI:390294859,ILEVIA:StopPoint:BP:CSC098:LOC,2026-09-30T06:00:44.030+02:00,2026-09-30T06:28:15.000+02:00,noReport,RETOUR
2026-10-03T00:45:26.492576+00:00,ILEVIA:Line::M1:LOC,SIRI:390294851,ILEVIA:StopPoint:BP:CIE098:LOC,2026-09-30T06:00:47.884+02:00,2026-09-30T06:12:25.000+02:00,noReport,RETOUR
2026-10-03T00:45:26.492576+00:00,ILEVIA:Line::M1:LOC,SIRI:390294850,ILEVIA:StopPoint:BP:LIG098:LOC,2026-09-30T06:00:43.971+02:00,2026-09-30T06:08:56.000+02:00,noReport,RETOUR
2026-10-03T00:45:26.492576+00:00,ILEVIA:Line::M1:LOC,SIRI:390294855,ILEVIA:StopPoint:BP:LZN098:LOC,2026-09-30T06:00:48.262+02:00,2026-09-30T06:19:47.000+02:00,noReport,RETOUR
2026-10-03T00:45:26.492576+00:00,ILEVIA:Line::M1:LOC,SIRI:390294858,ILEVIA:StopPoint:BP:TIO098:LOC,2026-09-30T06:00:49.792+02:00,2026-09-30T06:26:43.000+02:00,noReport,RETOUR
2026-10-03T00:45:26.492576+00:00,ILEVIA:Line::RME1:LOC,SIRI:390295543,ILEVIA:StopPoint:BP:CGA198:LOC,2026-09-30T06:53:40.464+02:00,2026-09-30T06:56:03.000+02:00,noReport,RETOUR
2026-10-03T00:45:26.492576+00:00,ILEVIA:Line::RME1:LOC,SIRI:390295542,ILEVIA:StopPoint:BP:WAZ198:LOC,2026-09-30T06:53:38.682+02:00,2026-09-30T06:54:38.000+02:00,noReport,RETOUR
2026-10-03T00:45:26.492576+00:00,ILEVIA:Line::RME1:LOC,SIRI:390295808,ILEVIA:StopPoint:BP:HDV198:LOC,2026-09-30T07:45:21.324+02:00,2026-09-30T07:51:10.000+02:00,noReport,RETOUR
2026-10-03T00:45:26.492576+00:00,ILEVIA:Line::RME1:LOC,SIRI:390296400,ILEVIA:StopPoint:BP:DFI198:LOC,2026-09-30T07:53:17.552+02:00,2026-09-30T08:07:58.000+02:00,noReport,ALLER
2026-10-03T00:45:26.492576+00:00,ILEVIA:Line::RME1:LOC,SIRI:390296405,ILEVIA:StopPoint:BP:WAZ199:LOC,2026-09-30T08:07:43.853+02:00,2026-09-30T08:23:25.000+02:00,noReport,ALLER
2026-10-03T00:45:26.492576+00:00,ILEVIA:Line::RME1:LOC,SIRI:390296404,ILEVIA:StopPoint:BP:CGA199:LOC,2026-09-30T08:07:53.710+02:00,2026-09-30T08:22:03.000+02:00,noReport,ALLER
2026-10-03T05:47:12.098238+00:00,ILEVIA:Line::M1:LOC,SIRI:388450256,ILEVIA:StopPoint:BP:PDB099:LOC,2026-09-20T14:31:42.073+02:00,2026-09-20T14:31:34.000+02:00,onTime,ALLER
2026-10-03T05:47:12.098238+00:00,ILEVIA:Line::M1:LOC,SIRI:388450261,ILEVIA:StopPoint:BP:CIE099:LOC,2026-09-20T14:55:21.269+02:00,2026-09-20T14:56:09.000+02:00,noReport,ALLER
2026-10-03T05:47:12.098238+00:00,ILEVIA:Line::M1:LOC,SIRI:388450264,ILEVIA:StopPoint:BP:REP099:LOC,2026-09-20T15:29:56.632+02:00,2026-09-20T15:32:38.000+02:00,noReport,ALLER
2026-10-03T05:47:12.098238+00:00,ILEVIA:Line::M1:LOC,SIRI:388450263,ILEVIA:StopPoint:BP:RIH099:LOC,2026-09-20T15:29:57.683+02:00,2026-09-20T15:31:14.000+02:00,noReport,ALLER
2026-10-03T05:47:12.098238+00:00,ILEVIA:Line::M1:LOC,SIRI:388450265,ILEVIA:StopPoint:BP:CGA099:LOC,2026-09-20T15:29:56.909+02:00,2026-09-20T15:35:10.000+02:00,noReport,ALLER
2026-10-03T05:47:12.098238+00:00,ILEVIA:Line::M1:LOC,SIRI:390294678,ILEVIA:StopPoint:BP:CGA098:LOC,2026-09-30T06:00:38.615+02:00,2026-09-30T06:02:20.000+02:00,noReport,RETOUR
2026-10-03T05:47:12.098238+00:00,ILEVIA:Line::M1:LOC,SIRI:390294847,ILEVIA:StopPoint:BP:CGA098:LOC,2026-09-30T06:00:38.615+02:00,2026-09-30T06:03:12.000+02:00,noReport,RETOUR
2026-10-03T05:47:12.098238+00:00,ILEVIA:Line::M1:LOC,SIRI:390294860,ILEVIA:StopPoint:BP:4CA098:LOC,2026-09-30T06:00:38.015+02:00,,,RETOUR
2026-10-03T05:47:12.098238+00:00,ILEVIA:Line::M1:LOC,SIRI:390294691,ILEVIA:StopPoint:BP:4CA098:LOC,2026-09-30T06:00:38.015+02:00,,,RETOUR
2026-10-03T05:47:12.098238+00:00,ILEVIA:Line::M1:LOC,SIRI:390294852,ILEVIA:StopPoint:BP:DFI098:LOC,2026-09-30T06:00:36.878+02:00,2026-09-30T06:13:46.000+02:00,noReport,RETOUR
2026-10-03T05:47:12.098238+00:00,ILEVIA:Line::M1:LOC,SIRI:390294683,ILEVIA:StopPoint:BP:DFI098:LOC,2026-09-30T06:00:36.878+02:00,2026-09-30T06:12:54.000+02:00,noReport,RETOUR
2026-10-03T05:47:12.098238+00:00,ILEVIA:Line::M1:LOC,SIRI:390294848,ILEVIA:StopPoint:BP:REP098:LOC,2026-09-30T06:00:37.602+02:00,2026-09-30T06:05:44.000+02:00,noReport,RETOUR
2026-10-03T05:47:12.098238+00:00,ILEVIA:Line::M1:LOC,SIRI:390294679,ILEVIA:StopPoint:BP:REP098:LOC,2026-09-30T06:00:37.602+02:00,2026-09-30T06:04:52.000+02:00,noReport,RETOUR
2026-10-03T05:47:12.098238+00:00,ILEVIA:Line::M1:LOC,SIRI:390294688,ILEVIA:StopPoint:BP:HDV098:LOC,2026-09-30T06:00:37.958+02:00,2026-09-30T06:23:48.000+02:00,noReport,RETOUR
2026-10-03T05:47:12.098238+00:00,ILEVIA:Line::M1:LOC,SIRI:390294857,ILEVIA:StopPoint:BP:HDV098:LOC,2026-09-30T06:00:37.958+02:00,2026-09-30T06:24:40.000+02:00,noReport,RETOUR
2026-10-03T05:47:12.098238+00:00,ILEVIA:Line::M1:LOC,SIRI:390294854,ILEVIA:StopPoint:BP:MHE098:LOC,2026-09-30T06:00:38.455+02:00,2026-09-30T06:18:07.000+02:00,noReport,RETOUR
2026-10-03T05:47:12.098238+00:00,ILEVIA:Line::M1:LOC,SIRI:390294685,ILEVIA:StopPoint:BP:MHE098:LOC,2026-09-30T06:00:38.455+02:00,2026-09-30T06:17:15.000+02:00,noReport,RETOUR
2026-10-03T05:47:12.098238+00:00,ILEVIA:Line::M1:LOC,SIRI:390294853,ILEVIA:StopPoint:BP:MRB098:LOC,2026-09-30T06:00:37.005+02:00,2026-09-30T06:15:33.000+02:00,noReport,RETOUR
2026-10-03T05:47:12.098238+00:00,ILEVIA:Line::M1:LOC,SIRI:390294684,ILEVIA:StopPoint:BP:MRB098:LOC,2026-09-30T06:00:37.005+02:00,2026-09-30T06:14:41.000+02:00,noReport,RETOUR
2026-10-03T05:47:12.098238+00:00,ILEVIA:Line::M1:LOC,SIRI:390294849,ILEVIA:StopPoint:BP:RIH098:LOC,2026-09-30T06:00:40.575+02:00,2026-09-30T06:07:08.000+02:00,noReport,RETOUR
2026-10-03T05:47:12.098238+00:00,ILEVIA:Line::M1:LOC,SIRI:390294680,ILEVIA:StopPoint:BP:RIH098:LOC,2026-09-30T06:00:40.575+02:00,2026-09-30T06:06:16.000+02:00,noReport,RETOUR
2026-10-03T05:47:12.098238+00:00,ILEVIA:Line::M1:LOC,SIRI:390294677,ILEVIA:StopPoint:BP:WAZ098:LOC,2026-09-30T06:00:38.551+02:00,2026-09-30T06:01:16.000+02:00,noReport,RETOUR
2026-10-03T05:47:12.098238+00:00,ILEVIA:Line::M1:LOC,SIRI:390294846,ILEVIA:StopPoint:BP:WAZ098:LOC,2026-09-30T06:00:38.551+02:00,2026-09-30T06:02:08.000+02:00,noReport,RETOUR
2026-10-03T05:47:12.098238+00:00,ILEVIA:Line::M1:LOC,SIRI:390294856,ILEVIA:StopPoint:BP:PDB098:LOC,2026-09-30T06:00:49.112+02:00,2026-09-30T06:22:24.000+02:00,noReport,RETOUR
2026-10-03T05:47:12.098238+00:00,ILEVIA:Line::M1:LOC,SIRI:390294859,ILEVIA:StopPoint:BP:CSC098:LOC,2026-09-30T06:00:44.030+02:00,2026-09-30T06:28:15.000+02:00,noReport,RETOUR
2026-10-03T05:47:12.098238+00:00,ILEVIA:Line::M1:LOC,SIRI:390294851,ILEVIA:StopPoint:BP:CIE098:LOC,2026-09-30T06:00:47.884+02:00,2026-09-30T06:12:25.000+02:00,noReport,RETOUR
2026-10-03T05:47:12.098238+00:00,ILEVIA:Line::M1:LOC,SIRI:390294850,ILEVIA:StopPoint:BP:LIG098:LOC,2026-09-30T06:00:43.971+02:00,2026-09-30T06:08:56.000+02:00,noReport,RETOUR
2026-10-03T05:47:12.098238+00:00,ILEVIA:Line::M1:LOC,SIRI:390294855,ILEVIA:StopPoint:BP:LZN098:LOC,2026-09-30T06:00:48.262+02:00,2026-09-30T06:19:47.000+02:00,noReport,RETOUR
2026-10-03T05:47:12.098238+00:00,ILEVIA:Line::M1:LOC,SIRI:390294858,ILEVIA:StopPoint:BP:TIO098:LOC,2026-09-30T06:00:49.792+02:00,2026-09-30T06:26:43.000+02:00,noReport,RETOUR
2026-10-03T05:47:12.098238+00:00,ILEVIA:Line::RME1:LOC,SIRI:390295543,ILEVIA:StopPoint:BP:CGA198:LOC,2026-09-30T06:53:40.464+02:00,2026-09-30T06:56:03.000+02:00,noReport,RETOUR
2026-10-03T05:47:12.098238+00:00,ILEVIA:Line::RME1:LOC,SIRI:390295542,ILEVIA:StopPoint:BP:WAZ198:LOC,2026-09-30T06:53:38.682+02:00,2026-09-30T06:54:38.000+02:00,noReport,RETOUR
2026-10-03T05:47:12.098238+00:00,ILEVIA:Line::RME1:LOC,SIRI:390295808,ILEVIA:StopPoint:BP:HDV198:LOC,2026-09-30T07:45:21.324+02:00,2026-09-30T07:51:10.000+02:00,noReport,RETOUR
2026-10-03T05:47:12.098238+00:00,ILEVIA:Line::RME1:LOC,SIRI:390296400,ILEVIA:StopPoint:BP:DFI198:LOC,2026-09-30T07:53:17.552+02:00,2026-09-30T08:07:58.000+02:00,noReport,ALLER
2026-10-03T05:47:12.098238+00:00,ILEVIA:Line::RME1:LOC,SIRI:390296405,ILEVIA:StopPoint:BP:WAZ199:LOC,2026-09-30T08:07:43.853+02:00,2026-09-30T08:23:25.000+02:00,noReport,ALLER
2026-10-03T05:47:12.098238+00:00,ILEVIA:Line::RME1:LOC,SIRI:390296404,ILEVIA:StopPoint:BP:CGA199:LOC,2026-09-30T08:07:53.710+02:00,2026-09-30T08:22:03.000+02:00,noReport,ALLER
2026-10-03T10:39:50.394208+00:00,ILEVIA:Line::M1:LOC,SIRI:388450256,ILEVIA:StopPoint:BP:PDB099:LOC,2026-09-20T14:31:42.073+02:00,2026-09-20T14:31:34.000+02:00,onTime,ALLER
2026-10-03T10:39:50.394208+00:00,ILEVIA:Line::M1:LOC,SIRI:388450261,ILEVIA:StopPoint:BP:CIE099:LOC,2026-09-20T14:55:21.269+02:00,2026-09-20T14:56:09.000+02:00,noReport,ALLER
2026-10-03T10:39:50.394208+00:00,ILEVIA:Line::M1:LOC,SIRI:388450264,ILEVIA:StopPoint:BP:REP099:LOC,2026-09-20T15:29:56.632+02:00,2026-09-20T15:32:38.000+02:00,noReport,ALLER
2026-10-03T10:39:50.394208+00:00,ILEVIA:Line::M1:LOC,SIRI:388450263,ILEVIA:StopPoint:BP:RIH099:LOC,2026-09-20T15:29:57.683+02:00,2026-09-20T15:31:14.000+02:00,noReport,ALLER
2026-10-03T10:39:50.394208+00:00,ILEVIA:Line::M1:LOC,SIRI:388450265,ILEVIA:StopPoint:BP:CGA099:LOC,2026-09-20T15:29:56.909+02:00,2026-09-20T15:35:10.000+02:00,noReport,ALLER
2026-10-03T10:39:50.394208+00:00,ILEVIA:Line::M1:LOC,SIRI:390294678,ILEVIA:StopPoint:BP:CGA098:LOC,2026-09-30T06:00:38.615+02:00,2026-09-30T06:02:20.000+02:00,noReport,RETOUR
2026-10-03T10:39:50.394208+00:00,ILEVIA:Line::M1:LOC,SIRI:390294847,ILEVIA:StopPoint:BP:CGA098:LOC,2026-09-30T06:00:38.615+02:00,2026-09-30T06:03:12.000+02:00,noReport,RETOUR
2026-10-03T10:39:50.394208+00:00,ILEVIA:Line::M1:LOC,SIRI:390294860,ILEVIA:StopPoint:BP:4CA098:LOC,2026-09-30T06:00:38.015+02:00,,,RETOUR
2026-10-03T10:39:50.394208+00:00,ILEVIA:Line::M1:LOC,SIRI:390294691,ILEVIA:StopPoint:BP:4CA098:LOC,2026-09-30T06:00:38.015+02:00,,,RETOUR
2026-10-03T10:39:50.394208+00:00,ILEVIA:Line::M1:LOC,SIRI:390294852,ILEVIA:StopPoint:BP:DFI098:LOC,2026-09-30T06:00:36.878+02:00,2026-09-30T06:13:46.000+02:00,noReport,RETOUR
2026-10-03T10:39:50.394208+00:00,ILEVIA:Line::M1:LOC,SIRI:390294683,ILEVIA:StopPoint:BP:DFI098:LOC,2026-09-30T06:00:36.878+02:00,2026-09-30T06:12:54.000+02:00,noReport,RETOUR
2026-10-03T10:39:50.394208+00:00,ILEVIA:Line::M1:LOC,SIRI:390294848,ILEVIA:StopPoint:BP:REP098:LOC,2026-09-30T06:00:37.602+02:00,2026-09-30T06:05:44.000+02:00,noReport,RETOUR
2026-10-03T10:39:50.394208+00:00,ILEVIA:Line::M1:LOC,SIRI:390294679,ILEVIA:StopPoint:BP:REP098:LOC,2026-09-30T06:00:37.602+02:00,2026-09-30T06:04:52.000+02:00,noReport,RETOUR
2026-10-03T10:39:50.394208+00:00,ILEVIA:Line::M1:LOC,SIRI:390294688,ILEVIA:StopPoint:BP:HDV098:LOC,2026-09-30T06:00:37.958+02:00,2026-09-30T06:23:48.000+02:00,noReport,RETOUR
2026-10-03T10:39:50.394208+00:00,ILEVIA:Line::M1:LOC,SIRI:390294857,ILEVIA:StopPoint:BP:HDV098:LOC,2026-09-30T06:00:37.958+02:00,2026-09-30T06:24:40.000+02:00,noReport,RETOUR
2026-10-03T10:39:50.394208+00:00,ILEVIA:Line::M1:LOC,SIRI:390294854,ILEVIA:StopPoint:BP:MHE098:LOC,2026-09-30T06:00:38.455+02:00,2026-09-30T06:18:07.000+02:00,noReport,RETOUR
2026-10-03T10:39:50.394208+00:00,ILEVIA:Line::M1:LOC,SIRI:390294685,ILEVIA:StopPoint:BP:MHE098:LOC,2026-09-30T06:00:38.455+02:00,2026-09-30T06:17:15.000+02:00,noReport,RETOUR
2026-10-03T10:39:50.394208+00:00,ILEVIA:Line::M1:LOC,SIRI:390294853,ILEVIA:StopPoint:BP:MRB098:LOC,2026-09-30T06:00:37.005+02:00,2026-09-30T06:15:33.000+02:00,noReport,RETOUR
2026-10-03T10:39:50.394208+00:00,ILEVIA:Line::M1:LOC,SIRI:390294684,ILEVIA:StopPoint:BP:MRB098:LOC,2026-09-30T06:00:37.005+02:00,2026-09-30T06:14:41.000+02:00,noReport,RETOUR
2026-10-03T10:39:50.394208+00:00,ILEVIA:Line::M1:LOC,SIRI:390294849,ILEVIA:StopPoint:BP:RIH098:LOC,2026-09-30T06:00:40.575+02:00,2026-09-30T06:07:08.000+02:00,noReport,RETOUR
2026-10-03T10:39:50.394208+00:00,ILEVIA:Line::M1:LOC,SIRI:390294680,ILEVIA:StopPoint:BP:RIH098:LOC,2026-09-30T06:00:40.575+02:00,2026-09-30T06:06:16.000+02:00,noReport,RETOUR
2026-10-03T10:39:50.394208+00:00,ILEVIA:Line::M1:LOC,SIRI:390294677,ILEVIA:StopPoint:BP:WAZ098:LOC,2026-09-30T06:00:38.551+02:00,2026-09-30T06:01:16.000+02:00,noReport,RETOUR
2026-10-03T10:39:50.394208+00:00,ILEVIA:Line::M1:LOC,SIRI:390294846,ILEVIA:StopPoint:BP:WAZ098:LOC,2026-09-30T06:00:38.551+02:00,2026-09-30T06:02:08.000+02:00,noReport,RETOUR
2026-10-03T10:39:50.394208+00:00,ILEVIA:Line::M1:LOC,SIRI:390294856,ILEVIA:StopPoint:BP:PDB098:LOC,2026-09-30T06:00:49.112+02:00,2026-09-30T06:22:24.000+02:00,noReport,RETOUR
2026-10-03T10:39:50.394208+00:00,ILEVIA:Line::M1:LOC,SIRI:390294859,ILEVIA:StopPoint:BP:CSC098:LOC,2026-09-30T06:00:44.030+02:00,2026-09-30T06:28:15.000+02:00,noReport,RETOUR
2026-10-03T10:39:50.394208+00:00,ILEVIA:Line::M1:LOC,SIRI:390294851,ILEVIA:StopPoint:BP:CIE098:LOC,2026-09-30T06:00:47.884+02:00,2026-09-30T06:12:25.000+02:00,noReport,RETOUR
2026-10-03T10:39:50.394208+00:00,ILEVIA:Line::M1:LOC,SIRI:390294850,ILEVIA:StopPoint:BP:LIG098:LOC,2026-09-30T06:00:43.971+02:00,2026-09-30T06:08:56.000+02:00,noReport,RETOUR
2026-10-03T10:39:50.394208+00:00,ILEVIA:Line::M1:LOC,SIRI:390294855,ILEVIA:StopPoint:BP:LZN098:LOC,2026-09-30T06:00:48.262+02:00,2026-09-30T06:19:47.000+02:00,noReport,RETOUR
2026-10-03T10:39:50.394208+00:00,ILEVIA:Line::M1:LOC,SIRI:390294858,ILEVIA:StopPoint:BP:TIO098:LOC,2026-09-30T06:00:49.792+02:00,2026-09-30T06:26:43.000+02:00,noReport,RETOUR
2026-10-03T10:39:50.394208+00:00,ILEVIA:Line::RME1:LOC,SIRI:390295543,ILEVIA:StopPoint:BP:CGA198:LOC,2026-09-30T06:53:40.464+02:00,2026-09-30T06:56:03.000+02:00,noReport,RETOUR
2026-10-03T10:39:50.394208+00:00,ILEVIA:Line::RME1:LOC,SIRI:390295542,ILEVIA:StopPoint:BP:WAZ198:LOC,2026-09-30T06:53:38.682+02:00,2026-09-30T06:54:38.000+02:00,noReport,RETOUR
2026-10-03T10:39:50.394208+00:00,ILEVIA:Line::RME1:LOC,SIRI:390295808,ILEVIA:StopPoint:BP:HDV198:LOC,2026-09-30T07:45:21.324+02:00,2026-09-30T07:51:10.000+02:00,noReport,RETOUR
2026-10-03T10:39:50.394208+00:00,ILEVIA:Line::RME1:LOC,SIRI:390296400,ILEVIA:StopPoint:BP:DFI198:LOC,2026-09-30T07:53:17.552+02:00,2026-09-30T08:07:58.000+02:00,noReport,ALLER
2026-10-03T10:39:50.394208+00:00,ILEVIA:Line::RME1:LOC,SIRI:390296405,ILEVIA:StopPoint:BP:WAZ199:LOC,2026-09-30T08:07:43.853+02:00,2026-09-30T08:23:25.000+02:00,noReport,ALLER
2026-10-03T10:39:50.394208+00:00,ILEVIA:Line::RME1:LOC,SIRI:390296404,ILEVIA:StopPoint:BP:CGA199:LOC,2026-09-30T08:07:53.710+02:00,2026-09-30T08:22:03.000+02:00,noReport,ALLER
2026-10-03T14:53:59.793609+00:00,ILEVIA:Line::M1:LOC,SIRI:388450256,ILEVIA:StopPoint:BP:PDB099:LOC,2026-09-20T14:31:42.073+02:00,2026-09-20T14:31:34.000+02:00,onTime,ALLER
2026-10-03T14:53:59.793609+00:00,ILEVIA:Line::M1:LOC,SIRI:388450261,ILEVIA:StopPoint:BP:CIE099:LOC,2026-09-20T14:55:21.269+02:00,2026-09-20T14:56:09.000+02:00,noReport,ALLER
2026-10-03T14:53:59.793609+00:00,ILEVIA:Line::M1:LOC,SIRI:388450264,ILEVIA:StopPoint:BP:REP099:LOC,2026-09-20T15:29:56.632+02:00,2026-09-20T15:32:38.000+02:00,noReport,ALLER
2026-10-03T14:53:59.793609+00:00,ILEVIA:Line::M1:LOC,SIRI:388450263,ILEVIA:StopPoint:BP:RIH099:LOC,2026-09-20T15:29:57.683+02:00,2026-09-20T15:31:14.000+02:00,noReport,ALLER
2026-10-03T14:53:59.793609+00:00,ILEVIA:Line::M1:LOC,SIRI:388450265,ILEVIA:StopPoint:BP:CGA099:LOC,2026-09-20T15:29:56.909+02:00,2026-09-20T15:35:10.000+02:00,noReport,ALLER
2026-10-03T14:53:59.793609+00:00,ILEVIA:Line::M1:LOC,SIRI:390294678,ILEVIA:StopPoint:BP:CGA098:LOC,2026-09-30T06:00:38.615+02:00,2026-09-30T06:02:20.000+02:00,noReport,RETOUR
2026-10-03T14:53:59.793609+00:00,ILEVIA:Line::M1:LOC,SIRI:390294847,ILEVIA:StopPoint:BP:CGA098:LOC,2026-09-30T06:00:38.615+02:00,2026-09-30T06:03:12.000+02:00,noReport,RETOUR
2026-10-03T14:53:59.793609+00:00,ILEVIA:Line::M1:LOC,SIRI:390294860,ILEVIA:StopPoint:BP:4CA098:LOC,2026-09-30T06:00:38.015+02:00,,,RETOUR
2026-10-03T14:53:59.793609+00:00,ILEVIA:Line::M1:LOC,SIRI:390294691,ILEVIA:StopPoint:BP:4CA098:LOC,2026-09-30T06:00:38.015+02:00,,,RETOUR
2026-10-03T14:53:59.793609+00:00,ILEVIA:Line::M1:LOC,SIRI:390294852,ILEVIA:StopPoint:BP:DFI098:LOC,2026-09-30T06:00:36.878+02:00,2026-09-30T06:13:46.000+02:00,noReport,RETOUR
2026-10-03T14:53:59.793609+00:00,ILEVIA:Line::M1:LOC,SIRI:390294683,ILEVIA:StopPoint:BP:DFI098:LOC,2026-09-30T06:00:36.878+02:00,2026-09-30T06:12:54.000+02:00,noReport,RETOUR
2026-10-03T14:53:59.793609+00:00,ILEVIA:Line::M1:LOC,SIRI:390294848,ILEVIA:StopPoint:BP:REP098:LOC,2026-09-30T06:00:37.602+02:00,2026-09-30T06:05:44.000+02:00,noReport,RETOUR
2026-10-03T14:53:59.793609+00:00,ILEVIA:Line::M1:LOC,SIRI:390294679,ILEVIA:StopPoint:BP:REP098:LOC,2026-09-30T06:00:37.602+02:00,2026-09-30T06:04:52.000+02:00,noReport,RETOUR
2026-10-03T14:53:59.793609+00:00,ILEVIA:Line::M1:LOC,SIRI:390294688,ILEVIA:StopPoint:BP:HDV098:LOC,2026-09-30T06:00:37.958+02:00,2026-09-30T06:23:48.000+02:00,noReport,RETOUR
2026-10-03T14:53:59.793609+00:00,ILEVIA:Line::M1:LOC,SIRI:390294857,ILEVIA:StopPoint:BP:HDV098:LOC,2026-09-30T06:00:37.958+02:00,2026-09-30T06:24:40.000+02:00,noReport,RETOUR
2026-10-03T14:53:59.793609+00:00,ILEVIA:Line::M1:LOC,SIRI:390294854,ILEVIA:StopPoint:BP:MHE098:LOC,2026-09-30T06:00:38.455+02:00,2026-09-30T06:18:07.000+02:00,noReport,RETOUR
2026-10-03T14:53:59.793609+00:00,ILEVIA:Line::M1:LOC,SIRI:390294685,ILEVIA:StopPoint:BP:MHE098:LOC,2026-09-30T06:00:38.455+02:00,2026-09-30T06:17:15.000+02:00,noReport,RETOUR
2026-10-03T14:53:59.793609+00:00,ILEVIA:Line::M1:LOC,SIRI:390294853,ILEVIA:StopPoint:BP:MRB098:LOC,2026-09-30T06:00:37.005+02:00,2026-09-30T06:15:33.000+02:00,noReport,RETOUR
2026-10-03T14:53:59.793609+00:00,ILEVIA:Line::M1:LOC,SIRI:390294684,ILEVIA:StopPoint:BP:MRB098:LOC,2026-09-30T06:00:37.005+02:00,2026-09-30T06:14:41.000+02:00,noReport,RETOUR
2026-10-03T14:53:59.793609+00:00,ILEVIA:Line::M1:LOC,SIRI:390294849,ILEVIA:StopPoint:BP:RIH098:LOC,2026-09-30T06:00:40.575+02:00,2026-09-30T06:07:08.000+02:00,noReport,RETOUR
2026-10-03T14:53:59.793609+00:00,ILEVIA:Line::M1:LOC,SIRI:390294680,ILEVIA:StopPoint:BP:RIH098:LOC,2026-09-30T06:00:40.575+02:00,2026-09-30T06:06:16.000+02:00,noReport,RETOUR
2026-10-03T14:53:59.793609+00:00,ILEVIA:Line::M1:LOC,SIRI:390294677,ILEVIA:StopPoint:BP:WAZ098:LOC,2026-09-30T06:00:38.551+02:00,2026-09-30T06:01:16.000+02:00,noReport,RETOUR
2026-10-03T14:53:59.793609+00:00,ILEVIA:Line::M1:LOC,SIRI:390294846,ILEVIA:StopPoint:BP:WAZ098:LOC,2026-09-30T06:00:38.551+02:00,2026-09-30T06:02:08.000+02:00,noReport,RETOUR
2026-10-03T14:53:59.793609+00:00,ILEVIA:Line::M1:LOC,SIRI:390294856,ILEVIA:StopPoint:BP:PDB098:LOC,2026-09-30T06:00:49.112+02:00,2026-09-30T06:22:24.000+02:00,noReport,RETOUR
2026-10-03T14:53:59.793609+00:00,ILEVIA:Line::M1:LOC,SIRI:390294859,ILEVIA:StopPoint:BP:CSC098:LOC,2026-09-30T06:00:44.030+02:00,2026-09-30T06:28:15.000+02:00,noReport,RETOUR
2026-10-03T14:53:59.793609+00:00,ILEVIA:Line::M1:LOC,SIRI:390294851,ILEVIA:StopPoint:BP:CIE098:LOC,2026-09-30T06:00:47.884+02:00,2026-09-30T06:12:25.000+02:00,noReport,RETOUR
2026-10-03T14:53:59.793609+00:00,ILEVIA:Line::M1:LOC,SIRI:390294850,ILEVIA:StopPoint:BP:LIG098:LOC,2026-09-30T06:00:43.971+02:00,2026-09-30T06:08:56.000+02:00,noReport,RETOUR
2026-10-03T14:53:59.793609+00:00,ILEVIA:Line::M1:LOC,SIRI:390294855,ILEVIA:StopPoint:BP:LZN098:LOC,2026-09-30T06:00:48.262+02:00,2026-09-30T06:19:47.000+02:00,noReport,RETOUR
2026-10-03T14:53:59.793609+00:00,ILEVIA:Line::M1:LOC,SIRI:390294858,ILEVIA:StopPoint:BP:TIO098:LOC,2026-09-30T06:00:49.792+02:00,2026-09-30T06:26:43.000+02:00,noReport,RETOUR
2026-10-03T14:53:59.793609+00:00,ILEVIA:Line::RME1:LOC,SIRI:390295543,ILEVIA:StopPoint:BP:CGA198:LOC,2026-09-30T06:53:40.464+02:00,2026-09-30T06:56:03.000+02:00,noReport,RETOUR
2026-10-03T14:53:59.793609+00:00,ILEVIA:Line::RME1:LOC,SIRI:390295542,ILEVIA:StopPoint:BP:WAZ198:LOC,2026-09-30T06:53:38.682+02:00,2026-09-30T06:54:38.000+02:00,noReport,RETOUR
2026-10-03T14:53:59.793609+00:00,ILEVIA:Line::RME1:LOC,SIRI:390295808,ILEVIA:StopPoint:BP:HDV198:LOC,2026-09-30T07:45:21.324+02:00,2026-09-30T07:51:10.000+02:00,noReport,RETOUR
2026-10-03T14:53:59.793609+00:00,ILEVIA:Line::RME1:LOC,SIRI:390296400,ILEVIA:StopPoint:BP:DFI198:LOC,2026-09-30T07:53:17.552+02:00,2026-09-30T08:07:58.000+02:00,noReport,ALLER
2026-10-03T14:53:59.793609+00:00,ILEVIA:Line::RME1:LOC,SIRI:390296405,ILEVIA:StopPoint:BP:WAZ199:LOC,2026-09-30T08:07:43.853+02:00,2026-09-30T08:23:25.000+02:00,noReport,ALLER
2026-10-03T14:53:59.793609+00:00,ILEVIA:Line::RME1:LOC,SIRI:390296404,ILEVIA:StopPoint:BP:CGA199:LOC,2026-09-30T08:07:53.710+02:00,2026-09-30T08:22:03.000+02:00,noReport,ALLER
2026-10-03T18:21:56.915037+00:00,ILEVIA:Line::M1:LOC,SIRI:388450256,ILEVIA:StopPoint:BP:PDB099:LOC,2026-09-20T14:31:42.073+02:00,2026-09-20T14:31:34.000+02:00,onTime,ALLER
2026-10-03T18:21:56.915037+00:00,ILEVIA:Line::M1:LOC,SIRI:388450261,ILEVIA:StopPoint:BP:CIE099:LOC,2026-09-20T14:55:21.269+02:00,2026-09-20T14:56:09.000+02:00,noReport,ALLER
2026-10-03T18:21:56.915037+00:00,ILEVIA:Line::M1:LOC,SIRI:388450264,ILEVIA:StopPoint:BP:REP099:LOC,2026-09-20T15:29:56.632+02:00,2026-09-20T15:32:38.000+02:00,noReport,ALLER
2026-10-03T18:21:56.915037+00:00,ILEVIA:Line::M1:LOC,SIRI:388450263,ILEVIA:StopPoint:BP:RIH099:LOC,2026-09-20T15:29:57.683+02:00,2026-09-20T15:31:14.000+02:00,noReport,ALLER
2026-10-03T18:21:56.915037+00:00,ILEVIA:Line::M1:LOC,SIRI:388450265,ILEVIA:StopPoint:BP:CGA099:LOC,2026-09-20T15:29:56.909+02:00,2026-09-20T15:35:10.000+02:00,noReport,ALLER
2026-10-03T18:21:56.915037+00:00,ILEVIA:Line::M1:LOC,SIRI:390294678,ILEVIA:StopPoint:BP:CGA098:LOC,2026-09-30T06:00:38.615+02:00,2026-09-30T06:02:20.000+02:00,noReport,RETOUR
2026-10-03T18:21:56.915037+00:00,ILEVIA:Line::M1:LOC,SIRI:390294847,ILEVIA:StopPoint:BP:CGA098:LOC,2026-09-30T06:00:38.615+02:00,2026-09-30T06:03:12.000+02:00,noReport,RETOUR
2026-10-03T18:21:56.915037+00:00,ILEVIA:Line::M1:LOC,SIRI:390294860,ILEVIA:StopPoint:BP:4CA098:LOC,2026-09-30T06:00:38.015+02:00,,,RETOUR
2026-10-03T18:21:56.915037+00:00,ILEVIA:Line::M1:LOC,SIRI:390294691,ILEVIA:StopPoint:BP:4CA098:LOC,2026-09-30T06:00:38.015+02:00,,,RETOUR
2026-10-03T18:21:56.915037+00:00,ILEVIA:Line::M1:LOC,SIRI:390294852,ILEVIA:StopPoint:BP:DFI098:LOC,2026-09-30T06:00:36.878+02:00,2026-09-30T06:13:46.000+02:00,noReport,RETOUR
2026-10-03T18:21:56.915037+00:00,ILEVIA:Line::M1:LOC,SIRI:390294683,ILEVIA:StopPoint:BP:DFI098:LOC,2026-09-30T06:00:36.878+02:00,2026-09-30T06:12:54.000+02:00,noReport,RETOUR
2026-10-03T18:21:56.915037+00:00,ILEVIA:Line::M1:LOC,SIRI:390294848,ILEVIA:StopPoint:BP:REP098:LOC,2026-09-30T06:00:37.602+02:00,2026-09-30T06:05:44.000+02:00,noReport,RETOUR
2026-10-03T18:21:56.915037+00:00,ILEVIA:Line::M1:LOC,SIRI:390294679,ILEVIA:StopPoint:BP:REP098:LOC,2026-09-30T06:00:37.602+02:00,2026-09-30T06:04:52.000+02:00,noReport,RETOUR
2026-10-03T18:21:56.915037+00:00,ILEVIA:Line::M1:LOC,SIRI:390294688,ILEVIA:StopPoint:BP:HDV098:LOC,2026-09-30T06:00:37.958+02:00,2026-09-30T06:23:48.000+02:00,noReport,RETOUR
2026-10-03T18:21:56.915037+00:00,ILEVIA:Line::M1:LOC,SIRI:390294857,ILEVIA:StopPoint:BP:HDV098:LOC,2026-09-30T06:00:37.958+02:00,2026-09-30T06:24:40.000+02:00,noReport,RETOUR
2026-10-03T18:21:56.915037+00:00,ILEVIA:Line::M1:LOC,SIRI:390294854,ILEVIA:StopPoint:BP:MHE098:LOC,2026-09-30T06:00:38.455+02:00,2026-09-30T06:18:07.000+02:00,noReport,RETOUR
2026-10-03T18:21:56.915037+00:00,ILEVIA:Line::M1:LOC,SIRI:390294685,ILEVIA:StopPoint:BP:MHE098:LOC,2026-09-30T06:00:38.455+02:00,2026-09-30T06:17:15.000+02:00,noReport,RETOUR
2026-10-03T18:21:56.915037+00:00,ILEVIA:Line::M1:LOC,SIRI:390294853,ILEVIA:StopPoint:BP:MRB098:LOC,2026-09-30T06:00:37.005+02:00,2026-09-30T06:15:33.000+02:00,noReport,RETOUR
2026-10-03T18:21:56.915037+00:00,ILEVIA:Line::M1:LOC,SIRI:390294684,ILEVIA:StopPoint:BP:MRB098:LOC,2026-09-30T06:00:37.005+02:00,2026-09-30T06:14:41.000+02:00,noReport,RETOUR
2026-10-03T18:21:56.915037+00:00,ILEVIA:Line::M1:LOC,SIRI:390294849,ILEVIA:StopPoint:BP:RIH098:LOC,2026-09-30T06:00:40.575+02:00,2026-09-30T06:07:08.000+02:00,noReport,RETOUR
2026-10-03T18:21:56.915037+00:00,ILEVIA:Line::M1:LOC,SIRI:390294680,ILEVIA:StopPoint:BP:RIH098:LOC,2026-09-30T06:00:40.575+02:00,2026-09-30T06:06:16.000+02:00,noReport,RETOUR
2026-10-03T18:21:56.915037+00:00,ILEVIA:Line::M1:LOC,SIRI:390294677,ILEVIA:StopPoint:BP:WAZ098:LOC,2026-09-30T06:00:38.551+02:00,2026-09-30T06:01:16.000+02:00,noReport,RETOUR
2026-10-03T18:21:56.915037+00:00,ILEVIA:Line::M1:LOC,SIRI:390294846,ILEVIA:StopPoint:BP:WAZ098:LOC,2026-09-30T06:00:38.551+02:00,2026-09-30T06:02:08.000+02:00,noReport,RETOUR
2026-10-03T18:21:56.915037+00:00,ILEVIA:Line::M1:LOC,SIRI:390294856,ILEVIA:StopPoint:BP:PDB098:LOC,2026-09-30T06:00:49.112+02:00,2026-09-30T06:22:24.000+02:00,noReport,RETOUR
2026-10-03T18:21:56.915037+00:00,ILEVIA:Line::M1:LOC,SIRI:390294859,ILEVIA:StopPoint:BP:CSC098:LOC,2026-09-30T06:00:44.030+02:00,2026-09-30T06:28:15.000+02:00,noReport,RETOUR
2026-10-03T18:21:56.915037+00:00,ILEVIA:Line::M1:LOC,SIRI:390294851,ILEVIA:StopPoint:BP:CIE098:LOC,2026-09-30T06:00:47.884+02:00,2026-09-30T06:12:25.000+02:00,noReport,RETOUR
2026-10-03T18:21:56.915037+00:00,ILEVIA:Line::M1:LOC,SIRI:390294850,ILEVIA:StopPoint:BP:LIG098:LOC,2026-09-30T06:00:43.971+02:00,2026-09-30T06:08:56.000+02:00,noReport,RETOUR
2026-10-03T18:21:56.915037+00:00,ILEVIA:Line::M1:LOC,SIRI:390294855,ILEVIA:StopPoint:BP:LZN098:LOC,2026-09-30T06:00:48.262+02:00,2026-09-30T06:19:47.000+02:00,noReport,RETOUR
2026-10-03T18:21:56.915037+00:00,ILEVIA:Line::M1:LOC,SIRI:390294858,ILEVIA:StopPoint:BP:TIO098:LOC,2026-09-30T06:00:49.792+02:00,2026-09-30T06:26:43.000+02:00,noReport,RETOUR
2026-10-03T18:21:56.915037+00:00,ILEVIA:Line::RME1:LOC,SIRI:390295543,ILEVIA:StopPoint:BP:CGA198:LOC,2026-09-30T06:53:40.464+02:00,2026-09-30T06:56:03.000+02:00,noReport,RETOUR
2026-10-03T18:21:56.915037+00:00,ILEVIA:Line::RME1:LOC,SIRI:390295542,ILEVIA:StopPoint:BP:WAZ198:LOC,2026-09-30T06:53:38.682+02:00,2026-09-30T06:54:38.000+02:00,noReport,RETOUR
2026-10-03T18:21:56.915037+00:00,ILEVIA:Line::RME1:LOC,SIRI:390295808,ILEVIA:StopPoint:BP:HDV198:LOC,2026-09-30T07:45:21.324+02:00,2026-09-30T07:51:10.000+02:00,noReport,RETOUR
2026-10-03T18:21:56.915037+00:00,ILEVIA:Line::RME1:LOC,SIRI:390296400,ILEVIA:StopPoint:BP:DFI198:LOC,2026-09-30T07:53:17.552+02:00,2026-09-30T08:07:58.000+02:00,noReport,ALLER
2026-10-03T18:21:56.915037+00:00,ILEVIA:Line::RME1:LOC,SIRI:390296405,ILEVIA:StopPoint:BP:WAZ199:LOC,2026-09-30T08:07:43.853+02:00,2026-09-30T08:23:25.000+02:00,noReport,ALLER
2026-10-03T18:21:56.915037+00:00,ILEVIA:Line::RME1:LOC,SIRI:390296404,ILEVIA:StopPoint:BP:CGA199:LOC,2026-09-30T08:07:53.710+02:00,2026-09-30T08:22:03.000+02:00,noReport,ALLER
2026-10-03T21:28:36.283759+00:00,ILEVIA:Line::M1:LOC,SIRI:388450256,ILEVIA:StopPoint:BP:PDB099:LOC,2026-09-20T14:31:42.073+02:00,2026-09-20T14:31:34.000+02:00,onTime,ALLER
2026-10-03T21:28:36.283759+00:00,ILEVIA:Line::M1:LOC,SIRI:388450261,ILEVIA:StopPoint:BP:CIE099:LOC,2026-09-20T14:55:21.269+02:00,2026-09-20T14:56:09.000+02:00,noReport,ALLER
2026-10-03T21:28:36.283759+00:00,ILEVIA:Line::M1:LOC,SIRI:388450264,ILEVIA:StopPoint:BP:REP099:LOC,2026-09-20T15:29:56.632+02:00,2026-09-20T15:32:38.000+02:00,noReport,ALLER
2026-10-03T21:28:36.283759+00:00,ILEVIA:Line::M1:LOC,SIRI:388450263,ILEVIA:StopPoint:BP:RIH099:LOC,2026-09-20T15:29:57.683+02:00,2026-09-20T15:31:14.000+02:00,noReport,ALLER
2026-10-03T21:28:36.283759+00:00,ILEVIA:Line::M1:LOC,SIRI:388450265,ILEVIA:StopPoint:BP:CGA099:LOC,2026-09-20T15:29:56.909+02:00,2026-09-20T15:35:10.000+02:00,noReport,ALLER
2026-10-03T21:28:36.283759+00:00,ILEVIA:Line::M1:LOC,SIRI:390294678,ILEVIA:StopPoint:BP:CGA098:LOC,2026-09-30T06:00:38.615+02:00,2026-09-30T06:02:20.000+02:00,noReport,RETOUR
2026-10-03T21:28:36.283759+00:00,ILEVIA:Line::M1:LOC,SIRI:390294847,ILEVIA:StopPoint:BP:CGA098:LOC,2026-09-30T06:00:38.615+02:00,2026-09-30T06:03:12.000+02:00,noReport,RETOUR
2026-10-03T21:28:36.283759+00:00,ILEVIA:Line::M1:LOC,SIRI:390294860,ILEVIA:StopPoint:BP:4CA098:LOC,2026-09-30T06:00:38.015+02:00,,,RETOUR
2026-10-03T21:28:36.283759+00:00,ILEVIA:Line::M1:LOC,SIRI:390294691,ILEVIA:StopPoint:BP:4CA098:LOC,2026-09-30T06:00:38.015+02:00,,,RETOUR
2026-10-03T21:28:36.283759+00:00,ILEVIA:Line::M1:LOC,SIRI:390294852,ILEVIA:StopPoint:BP:DFI098:LOC,2026-09-30T06:00:36.878+02:00,2026-09-30T06:13:46.000+02:00,noReport,RETOUR
2026-10-03T21:28:36.283759+00:00,ILEVIA:Line::M1:LOC,SIRI:390294683,ILEVIA:StopPoint:BP:DFI098:LOC,2026-09-30T06:00:36.878+02:00,2026-09-30T06:12:54.000+02:00,noReport,RETOUR
2026-10-03T21:28:36.283759+00:00,ILEVIA:Line::M1:LOC,SIRI:390294848,ILEVIA:StopPoint:BP:REP098:LOC,2026-09-30T06:00:37.602+02:00,2026-09-30T06:05:44.000+02:00,noReport,RETOUR
2026-10-03T21:28:36.283759+00:00,ILEVIA:Line::M1:LOC,SIRI:390294679,ILEVIA:StopPoint:BP:REP098:LOC,2026-09-30T06:00:37.602+02:00,2026-09-30T06:04:52.000+02:00,noReport,RETOUR
2026-10-03T21:28:36.283759+00:00,ILEVIA:Line::M1:LOC,SIRI:390294688,ILEVIA:StopPoint:BP:HDV098:LOC,2026-09-30T06:00:37.958+02:00,2026-09-30T06:23:48.000+02:00,noReport,RETOUR
2026-10-03T21:28:36.283759+00:00,ILEVIA:Line::M1:LOC,SIRI:390294857,ILEVIA:StopPoint:BP:HDV098:LOC,2026-09-30T06:00:37.958+02:00,2026-09-30T06:24:40.000+02:00,noReport,RETOUR
2026-10-03T21:28:36.283759+00:00,ILEVIA:Line::M1:LOC,SIRI:390294854,ILEVIA:StopPoint:BP:MHE098:LOC,2026-09-30T06:00:38.455+02:00,2026-09-30T06:18:07.000+02:00,noReport,RETOUR
2026-10-03T21:28:36.283759+00:00,ILEVIA:Line::M1:LOC,SIRI:390294685,ILEVIA:StopPoint:BP:MHE098:LOC,2026-09-30T06:00:38.455+02:00,2026-09-30T06:17:15.000+02:00,noReport,RETOUR
2026-10-03T21:28:36.283759+00:00,ILEVIA:Line::M1:LOC,SIRI:390294853,ILEVIA:StopPoint:BP:MRB098:LOC,2026-09-30T06:00:37.005+02:00,2026-09-30T06:15:33.000+02:00,noReport,RETOUR
2026-10-03T21:28:36.283759+00:00,ILEVIA:Line::M1:LOC,SIRI:390294684,ILEVIA:StopPoint:BP:MRB098:LOC,2026-09-30T06:00:37.005+02:00,2026-09-30T06:14:41.000+02:00,noReport,RETOUR
2026-10-03T21:28:36.283759+00:00,ILEVIA:Line::M1:LOC,SIRI:390294849,ILEVIA:StopPoint:BP:RIH098:LOC,2026-09-30T06:00:40.575+02:00,2026-09-30T06:07:08.000+02:00,noReport,RETOUR
2026-10-03T21:28:36.283759+00:00,ILEVIA:Line::M1:LOC,SIRI:390294680,ILEVIA:StopPoint:BP:RIH098:LOC,2026-09-30T06:00:40.575+02:00,2026-09-30T06:06:16.000+02:00,noReport,RETOUR
2026-10-03T21:28:36.283759+00:00,ILEVIA:Line::M1:LOC,SIRI:390294677,ILEVIA:StopPoint:BP:WAZ098:LOC,2026-09-30T06:00:38.551+02:00,2026-09-30T06:01:16.000+02:00,noReport,RETOUR
2026-10-03T21:28:36.283759+00:00,ILEVIA:Line::M1:LOC,SIRI:390294846,ILEVIA:StopPoint:BP:WAZ098:LOC,2026-09-30T06:00:38.551+02:00,2026-09-30T06:02:08.000+02:00,noReport,RETOUR
2026-10-03T21:28:36.283759+00:00,ILEVIA:Line::M1:LOC,SIRI:390294856,ILEVIA:StopPoint:BP:PDB098:LOC,2026-09-30T06:00:49.112+02:00,2026-09-30T06:22:24.000+02:00,noReport,RETOUR
2026-10-03T21:28:36.283759+00:00,ILEVIA:Line::M1:LOC,SIRI:390294859,ILEVIA:StopPoint:BP:CSC098:LOC,2026-09-30T06:00:44.030+02:00,2026-09-30T06:28:15.000+02:00,noReport,RETOUR
2026-10-03T21:28:36.283759+00:00,ILEVIA:Line::M1:LOC,SIRI:390294851,ILEVIA:StopPoint:BP:CIE098:LOC,2026-09-30T06:00:47.884+02:00,2026-09-30T06:12:25.000+02:00,noReport,RETOUR
2026-10-03T21:28:36.283759+00:00,ILEVIA:Line::M1:LOC,SIRI:390294850,ILEVIA:StopPoint:BP:LIG098:LOC,2026-09-30T06:00:43.971+02:00,2026-09-30T06:08:56.000+02:00,noReport,RETOUR
2026-10-03T21:28:36.283759+00:00,ILEVIA:Line::M1:LOC,SIRI:390294855,ILEVIA:StopPoint:BP:LZN098:LOC,2026-09-30T06:00:48.262+02:00,2026-09-30T06:19:47.000+02:00,noReport,RETOUR
2026-10-03T21:28:36.283759+00:00,ILEVIA:Line::M1:LOC,SIRI:390294858,ILEVIA:StopPoint:BP:TIO098:LOC,2026-09-30T06:00:49.792+02:00,2026-09-30T06:26:43.000+02:00,noReport,RETOUR
2026-10-03T21:28:36.283759+00:00,ILEVIA:Line::RME1:LOC,SIRI:390295543,ILEVIA:StopPoint:BP:CGA198:LOC,2026-09-30T06:53:40.464+02:00,2026-09-30T06:56:03.000+02:00,noReport,RETOUR
2026-10-03T21:28:36.283759+00:00,ILEVIA:Line::RME1:LOC,SIRI:390295542,ILEVIA:StopPoint:BP:WAZ198:LOC,2026-09-30T06:53:38.682+02:00,2026-09-30T06:54:38.000+02:00,noReport,RETOUR
2026-10-03T21:28:36.283759+00:00,ILEVIA:Line::RME1:LOC,SIRI:390295808,ILEVIA:StopPoint:BP:HDV198:LOC,2026-09-30T07:45:21.324+02:00,2026-09-30T07:51:10.000+02:00,noReport,RETOUR
2026-10-03T21:28:36.283759+00:00,ILEVIA:Line::RME1:LOC,SIRI:390296400,ILEVIA:StopPoint:BP:DFI198:LOC,2026-09-30T07:53:17.552+02:00,2026-09-30T08:07:58.000+02:00,noReport,ALLER
2026-10-03T21:28:36.283759+00:00,ILEVIA:Line::RME1:LOC,SIRI:390296405,ILEVIA:StopPoint:BP:WAZ199:LOC,2026-09-30T08:07:43.853+02:00,2026-09-30T08:23:25.000+02:00,noReport,ALLER
2026-10-03T21:28:36.283759+00:00,ILEVIA:Line::RME1:LOC,SIRI:390296404,ILEVIA:StopPoint:BP:CGA199:LOC,2026-09-30T08:07:53.710+02:00,2026-09-30T08:22:03.000+02:00,noReport,ALLER
2026-10-03T23:58:17.101859+00:00,ILEVIA:Line::M1:LOC,SIRI:388450256,ILEVIA:StopPoint:BP:PDB099:LOC,2026-09-20T14:31:42.073+02:00,2026-09-20T14:31:34.000+02:00,onTime,ALLER
2026-10-03T23:58:17.101859+00:00,ILEVIA:Line::M1:LOC,SIRI:388450261,ILEVIA:StopPoint:BP:CIE099:LOC,2026-09-20T14:55:21.269+02:00,2026-09-20T14:56:09.000+02:00,noReport,ALLER
2026-10-03T23:58:17.101859+00:00,ILEVIA:Line::M1:LOC,SIRI:388450264,ILEVIA:StopPoint:BP:REP099:LOC,2026-09-20T15:29:56.632+02:00,2026-09-20T15:32:38.000+02:00,noReport,ALLER
2026-10-03T23:58:17.101859+00:00,ILEVIA:Line::M1:LOC,SIRI:388450263,ILEVIA:StopPoint:BP:RIH099:LOC,2026-09-20T15:29:57.683+02:00,2026-09-20T15:31:14.000+02:00,noReport,ALLER
2026-10-03T23:58:17.101859+00:00,ILEVIA:Line::M1:LOC,SIRI:388450265,ILEVIA:StopPoint:BP:CGA099:LOC,2026-09-20T15:29:56.909+02:00,2026-09-20T15:35:10.000+02:00,noReport,ALLER
2026-10-03T23:58:17.101859+00:00,ILEVIA:Line::M1:LOC,SIRI:390294678,ILEVIA:StopPoint:BP:CGA098:LOC,2026-09-30T06:00:38.615+02:00,2026-09-30T06:02:20.000+02:00,noReport,RETOUR
2026-10-03T23:58:17.101859+00:00,ILEVIA:Line::M1:LOC,SIRI:390294847,ILEVIA:StopPoint:BP:CGA098:LOC,2026-09-30T06:00:38.615+02:00,2026-09-30T06:03:12.000+02:00,noReport,RETOUR
2026-10-03T23:58:17.101859+00:00,ILEVIA:Line::M1:LOC,SIRI:390294860,ILEVIA:StopPoint:BP:4CA098:LOC,2026-09-30T06:00:38.015+02:00,,,RETOUR
2026-10-03T23:58:17.101859+00:00,ILEVIA:Line::M1:LOC,SIRI:390294691,ILEVIA:StopPoint:BP:4CA098:LOC,2026-09-30T06:00:38.015+02:00,,,RETOUR
2026-10-03T23:58:17.101859+00:00,ILEVIA:Line::M1:LOC,SIRI:390294852,ILEVIA:StopPoint:BP:DFI098:LOC,2026-09-30T06:00:36.878+02:00,2026-09-30T06:13:46.000+02:00,noReport,RETOUR
2026-10-03T23:58:17.101859+00:00,ILEVIA:Line::M1:LOC,SIRI:390294683,ILEVIA:StopPoint:BP:DFI098:LOC,2026-09-30T06:00:36.878+02:00,2026-09-30T06:12:54.000+02:00,noReport,RETOUR
2026-10-03T23:58:17.101859+00:00,ILEVIA:Line::M1:LOC,SIRI:390294848,ILEVIA:StopPoint:BP:REP098:LOC,2026-09-30T06:00:37.602+02:00,2026-09-30T06:05:44.000+02:00,noReport,RETOUR
2026-10-03T23:58:17.101859+00:00,ILEVIA:Line::M1:LOC,SIRI:390294679,ILEVIA:StopPoint:BP:REP098:LOC,2026-09-30T06:00:37.602+02:00,2026-09-30T06:04:52.000+02:00,noReport,RETOUR
2026-10-03T23:58:17.101859+00:00,ILEVIA:Line::M1:LOC,SIRI:390294688,ILEVIA:StopPoint:BP:HDV098:LOC,2026-09-30T06:00:37.958+02:00,2026-09-30T06:23:48.000+02:00,noReport,RETOUR
2026-10-03T23:58:17.101859+00:00,ILEVIA:Line::M1:LOC,SIRI:390294857,ILEVIA:StopPoint:BP:HDV098:LOC,2026-09-30T06:00:37.958+02:00,2026-09-30T06:24:40.000+02:00,noReport,RETOUR
2026-10-03T23:58:17.101859+00:00,ILEVIA:Line::M1:LOC,SIRI:390294854,ILEVIA:StopPoint:BP:MHE098:LOC,2026-09-30T06:00:38.455+02:00,2026-09-30T06:18:07.000+02:00,noReport,RETOUR
2026-10-03T23:58:17.101859+00:00,ILEVIA:Line::M1:LOC,SIRI:390294685,ILEVIA:StopPoint:BP:MHE098:LOC,2026-09-30T06:00:38.455+02:00,2026-09-30T06:17:15.000+02:00,noReport,RETOUR
2026-10-03T23:58:17.101859+00:00,ILEVIA:Line::M1:LOC,SIRI:390294853,ILEVIA:StopPoint:BP:MRB098:LOC,2026-09-30T06:00:37.005+02:00,2026-09-30T06:15:33.000+02:00,noReport,RETOUR
2026-10-03T23:58:17.101859+00:00,ILEVIA:Line::M1:LOC,SIRI:390294684,ILEVIA:StopPoint:BP:MRB098:LOC,2026-09-30T06:00:37.005+02:00,2026-09-30T06:14:41.000+02:00,noReport,RETOUR
2026-10-03T23:58:17.101859+00:00,ILEVIA:Line::M1:LOC,SIRI:390294849,ILEVIA:StopPoint:BP:RIH098:LOC,2026-09-30T06:00:40.575+02:00,2026-09-30T06:07:08.000+02:00,noReport,RETOUR
2026-10-03T23:58:17.101859+00:00,ILEVIA:Line::M1:LOC,SIRI:390294680,ILEVIA:StopPoint:BP:RIH098:LOC,2026-09-30T06:00:40.575+02:00,2026-09-30T06:06:16.000+02:00,noReport,RETOUR
2026-10-03T23:58:17.101859+00:00,ILEVIA:Line::M1:LOC,SIRI:390294677,ILEVIA:StopPoint:BP:WAZ098:LOC,2026-09-30T06:00:38.551+02:00,2026-09-30T06:01:16.000+02:00,noReport,RETOUR
2026-10-03T23:58:17.101859+00:00,ILEVIA:Line::M1:LOC,SIRI:390294846,ILEVIA:StopPoint:BP:WAZ098:LOC,2026-09-30T06:00:38.551+02:00,2026-09-30T06:02:08.000+02:00,noReport,RETOUR
2026-10-03T23:58:17.101859+00:00,ILEVIA:Line::M1:LOC,SIRI:390294856,ILEVIA:StopPoint:BP:PDB098:LOC,2026-09-30T06:00:49.112+02:00,2026-09-30T06:22:24.000+02:00,noReport,RETOUR
2026-10-03T23:58:17.101859+00:00,ILEVIA:Line::M1:LOC,SIRI:390294859,ILEVIA:StopPoint:BP:CSC098:LOC,2026-09-30T06:00:44.030+02:00,2026-09-30T06:28:15.000+02:00,noReport,RETOUR
2026-10-03T23:58:17.101859+00:00,ILEVIA:Line::M1:LOC,SIRI:390294851,ILEVIA:StopPoint:BP:CIE098:LOC,2026-09-30T06:00:47.884+02:00,2026-09-30T06:12:25.000+02:00,noReport,RETOUR
2026-10-03T23:58:17.101859+00:00,ILEVIA:Line::M1:LOC,SIRI:390294850,ILEVIA:StopPoint:BP:LIG098:LOC,2026-09-30T06:00:43.971+02:00,2026-09-30T06:08:56.000+02:00,noReport,RETOUR
2026-10-03T23:58:17.101859+00:00,ILEVIA:Line::M1:LOC,SIRI:390294855,ILEVIA:StopPoint:BP:LZN098:LOC,2026-09-30T06:00:48.262+02:00,2026-09-30T06:19:47.000+02:00,noReport,RETOUR
2026-10-03T23:58:17.101859+00:00,ILEVIA:Line::M1:LOC,SIRI:390294858,ILEVIA:StopPoint:BP:TIO098:LOC,2026-09-30T06:00:49.792+02:00,2026-09-30T06:26:43.000+02:00,noReport,RETOUR
2026-10-03T23:58:17.101859+00:00,ILEVIA:Line::RME1:LOC,SIRI:390295543,ILEVIA:StopPoint:BP:CGA198:LOC,2026-09-30T06:53:40.464+02:00,2026-09-30T06:56:03.000+02:00,noReport,RETOUR
2026-10-03T23:58:17.101859+00:00,ILEVIA:Line::RME1:LOC,SIRI:390295542,ILEVIA:StopPoint:BP:WAZ198:LOC,2026-09-30T06:53:38.682+02:00,2026-09-30T06:54:38.000+02:00,noReport,RETOUR
2026-10-03T23:58:17.101859+00:00,ILEVIA:Line::RME1:LOC,SIRI:390295808,ILEVIA:StopPoint:BP:HDV198:LOC,2026-09-30T07:45:21.324+02:00,2026-09-30T07:51:10.000+02:00,noReport,RETOUR
2026-10-03T23:58:17.101859+00:00,ILEVIA:Line::RME1:LOC,SIRI:390296400,ILEVIA:StopPoint:BP:DFI198:LOC,2026-09-30T07:53:17.552+02:00,2026-09-30T08:07:58.000+02:00,noReport,ALLER
2026-10-03T23:58:17.101859+00:00,ILEVIA:Line::RME1:LOC,SIRI:390296405,ILEVIA:StopPoint:BP:WAZ199:LOC,2026-09-30T08:07:43.853+02:00,2026-09-30T08:23:25.000+02:00,noReport,ALLER
2026-10-03T23:58:17.101859+00:00,ILEVIA:Line::RME1:LOC,SIRI:390296404,ILEVIA:StopPoint:BP:CGA199:LOC,2026-09-30T08:07:53.710+02:00,2026-09-30T08:22:03.000+02:00,noReport,ALLER
2026-10-04T04:23:47.321389+00:00,ILEVIA:Line::M1:LOC,SIRI:388450256,ILEVIA:StopPoint:BP:PDB099:LOC,2026-09-20T14:31:42.073+02:00,2026-09-20T14:31:34.000+02:00,onTime,ALLER
2026-10-04T04:23:47.321389+00:00,ILEVIA:Line::M1:LOC,SIRI:388450261,ILEVIA:StopPoint:BP:CIE099:LOC,2026-09-20T14:55:21.269+02:00,2026-09-20T14:56:09.000+02:00,noReport,ALLER
2026-10-04T04:23:47.321389+00:00,ILEVIA:Line::M1:LOC,SIRI:388450264,ILEVIA:StopPoint:BP:REP099:LOC,2026-09-20T15:29:56.632+02:00,2026-09-20T15:32:38.000+02:00,noReport,ALLER
2026-10-04T04:23:47.321389+00:00,ILEVIA:Line::M1:LOC,SIRI:388450263,ILEVIA:StopPoint:BP:RIH099:LOC,2026-09-20T15:29:57.683+02:00,2026-09-20T15:31:14.000+02:00,noReport,ALLER
2026-10-04T04:23:47.321389+00:00,ILEVIA:Line::M1:LOC,SIRI:388450265,ILEVIA:StopPoint:BP:CGA099:LOC,2026-09-20T15:29:56.909+02:00,2026-09-20T15:35:10.000+02:00,noReport,ALLER
2026-10-04T04:23:47.321389+00:00,ILEVIA:Line::M1:LOC,SIRI:390294678,ILEVIA:StopPoint:BP:CGA098:LOC,2026-09-30T06:00:38.615+02:00,2026-09-30T06:02:20.000+02:00,noReport,RETOUR
2026-10-04T04:23:47.321389+00:00,ILEVIA:Line::M1:LOC,SIRI:390294847,ILEVIA:StopPoint:BP:CGA098:LOC,2026-09-30T06:00:38.615+02:00,2026-09-30T06:03:12.000+02:00,noReport,RETOUR
2026-10-04T04:23:47.321389+00:00,ILEVIA:Line::M1:LOC,SIRI:390294860,ILEVIA:StopPoint:BP:4CA098:LOC,2026-09-30T06:00:38.015+02:00,,,RETOUR
2026-10-04T04:23:47.321389+00:00,ILEVIA:Line::M1:LOC,SIRI:390294691,ILEVIA:StopPoint:BP:4CA098:LOC,2026-09-30T06:00:38.015+02:00,,,RETOUR
2026-10-04T04:23:47.321389+00:00,ILEVIA:Line::M1:LOC,SIRI:390294852,ILEVIA:StopPoint:BP:DFI098:LOC,2026-09-30T06:00:36.878+02:00,2026-09-30T06:13:46.000+02:00,noReport,RETOUR
2026-10-04T04:23:47.321389+00:00,ILEVIA:Line::M1:LOC,SIRI:390294683,ILEVIA:StopPoint:BP:DFI098:LOC,2026-09-30T06:00:36.878+02:00,2026-09-30T06:12:54.000+02:00,noReport,RETOUR
2026-10-04T04:23:47.321389+00:00,ILEVIA:Line::M1:LOC,SIRI:390294848,ILEVIA:StopPoint:BP:REP098:LOC,2026-09-30T06:00:37.602+02:00,2026-09-30T06:05:44.000+02:00,noReport,RETOUR
2026-10-04T04:23:47.321389+00:00,ILEVIA:Line::M1:LOC,SIRI:390294679,ILEVIA:StopPoint:BP:REP098:LOC,2026-09-30T06:00:37.602+02:00,2026-09-30T06:04:52.000+02:00,noReport,RETOUR
2026-10-04T04:23:47.321389+00:00,ILEVIA:Line::M1:LOC,SIRI:390294688,ILEVIA:StopPoint:BP:HDV098:LOC,2026-09-30T06:00:37.958+02:00,2026-09-30T06:23:48.000+02:00,noReport,RETOUR
2026-10-04T04:23:47.321389+00:00,ILEVIA:Line::M1:LOC,SIRI:390294857,ILEVIA:StopPoint:BP:HDV098:LOC,2026-09-30T06:00:37.958+02:00,2026-09-30T06:24:40.000+02:00,noReport,RETOUR
2026-10-04T04:23:47.321389+00:00,ILEVIA:Line::M1:LOC,SIRI:390294854,ILEVIA:StopPoint:BP:MHE098:LOC,2026-09-30T06:00:38.455+02:00,2026-09-30T06:18:07.000+02:00,noReport,RETOUR
2026-10-04T04:23:47.321389+00:00,ILEVIA:Line::M1:LOC,SIRI:390294685,ILEVIA:StopPoint:BP:MHE098:LOC,2026-09-30T06:00:38.455+02:00,2026-09-30T06:17:15.000+02:00,noReport,RETOUR
2026-10-04T04:23:47.321389+00:00,ILEVIA:Line::M1:LOC,SIRI:390294853,ILEVIA:StopPoint:BP:MRB098:LOC,2026-09-30T06:00:37.005+02:00,2026-09-30T06:15:33.000+02:00,noReport,RETOUR
2026-10-04T04:23:47.321389+00:00,ILEVIA:Line::M1:LOC,SIRI:390294684,ILEVIA:StopPoint:BP:MRB098:LOC,2026-09-30T06:00:37.005+02:00,2026-09-30T06:14:41.000+02:00,noReport,RETOUR
2026-10-04T04:23:47.321389+00:00,ILEVIA:Line::M1:LOC,SIRI:390294849,ILEVIA:StopPoint:BP:RIH098:LOC,2026-09-30T06:00:40.575+02:00,2026-09-30T06:07:08.000+02:00,noReport,RETOUR
2026-10-04T04:23:47.321389+00:00,ILEVIA:Line::M1:LOC,SIRI:390294680,ILEVIA:StopPoint:BP:RIH098:LOC,2026-09-30T06:00:40.575+02:00,2026-09-30T06:06:16.000+02:00,noReport,RETOUR
2026-10-04T04:23:47.321389+00:00,ILEVIA:Line::M1:LOC,SIRI:390294677,ILEVIA:StopPoint:BP:WAZ098:LOC,2026-09-30T06:00:38.551+02:00,2026-09-30T06:01:16.000+02:00,noReport,RETOUR
2026-10-04T04:23:47.321389+00:00,ILEVIA:Line::M1:LOC,SIRI:390294846,ILEVIA:StopPoint:BP:WAZ098:LOC,2026-09-30T06:00:38.551+02:00,2026-09-30T06:02:08.000+02:00,noReport,RETOUR
2026-10-04T04:23:47.321389+00:00,ILEVIA:Line::M1:LOC,SIRI:390294856,ILEVIA:StopPoint:BP:PDB098:LOC,2026-09-30T06:00:49.112+02:00,2026-09-30T06:22:24.000+02:00,noReport,RETOUR
2026-10-04T04:23:47.321389+00:00,ILEVIA:Line::M1:LOC,SIRI:390294859,ILEVIA:StopPoint:BP:CSC098:LOC,2026-09-30T06:00:44.030+02:00,2026-09-30T06:28:15.000+02:00,noReport,RETOUR
2026-10-04T04:23:47.321389+00:00,ILEVIA:Line::M1:LOC,SIRI:390294851,ILEVIA:StopPoint:BP:CIE098:LOC,2026-09-30T06:00:47.884+02:00,2026-09-30T06:12:25.000+02:00,noReport,RETOUR
2026-10-04T04:23:47.321389+00:00,ILEVIA:Line::M1:LOC,SIRI:390294850,ILEVIA:StopPoint:BP:LIG098:LOC,2026-09-30T06:00:43.971+02:00,2026-09-30T06:08:56.000+02:00,noReport,RETOUR
2026-10-04T04:23:47.321389+00:00,ILEVIA:Line::M1:LOC,SIRI:390294855,ILEVIA:StopPoint:BP:LZN098:LOC,2026-09-30T06:00:48.262+02:00,2026-09-30T06:19:47.000+02:00,noReport,RETOUR
2026-10-04T04:23:47.321389+00:00,ILEVIA:Line::M1:LOC,SIRI:390294858,ILEVIA:StopPoint:BP:TIO098:LOC,2026-09-30T06:00:49.792+02:00,2026-09-30T06:26:43.000+02:00,noReport,RETOUR
2026-10-04T04:23:47.321389+00:00,ILEVIA:Line::RME1:LOC,SIRI:390295543,ILEVIA:StopPoint:BP:CGA198:LOC,2026-09-30T06:53:40.464+02:00,2026-09-30T06:56:03.000+02:00,noReport,RETOUR
2026-10-04T04:23:47.321389+00:00,ILEVIA:Line::RME1:LOC,SIRI:390295542,ILEVIA:StopPoint:BP:WAZ198:LOC,2026-09-30T06:53:38.682+02:00,2026-09-30T06:54:38.000+02:00,noReport,RETOUR
2026-10-04T04:23:47.321389+00:00,ILEVIA:Line::RME1:LOC,SIRI:390295808,ILEVIA:StopPoint:BP:HDV198:LOC,2026-09-30T07:45:21.324+02:00,2026-09-30T07:51:10.000+02:00,noReport,RETOUR
2026-10-04T04:23:47.321389+00:00,ILEVIA:Line::RME1:LOC,SIRI:390296400,ILEVIA:StopPoint:BP:DFI198:LOC,2026-09-30T07:53:17.552+02:00,2026-09-30T08:07:58.000+02:00,noReport,ALLER
2026-10-04T04:23:47.321389+00:00,ILEVIA:Line::RME1:LOC,SIRI:390296405,ILEVIA:StopPoint:BP:WAZ199:LOC,2026-09-30T08:07:43.853+02:00,2026-09-30T08:23:25.000+02:00,noReport,ALLER
2026-10-04T04:23:47.321389+00:00,ILEVIA:Line::RME1:LOC,SIRI:390296404,ILEVIA:StopPoint:BP:CGA199:LOC,2026-09-30T08:07:53.710+02:00,2026-09-30T08:22:03.000+02:00,noReport,ALLER
2026-10-04T10:39:42.638337+00:00,ILEVIA:Line::M1:LOC,SIRI:388450256,ILEVIA:StopPoint:BP:PDB099:LOC,2026-09-20T14:31:42.073+02:00,2026-09-20T14:31:34.000+02:00,onTime,ALLER
2026-10-04T10:39:42.638337+00:00,ILEVIA:Line::M1:LOC,SIRI:388450261,ILEVIA:StopPoint:BP:CIE099:LOC,2026-09-20T14:55:21.269+02:00,2026-09-20T14:56:09.000+02:00,noReport,ALLER
2026-10-04T10:39:42.638337+00:00,ILEVIA:Line::M1:LOC,SIRI:388450264,ILEVIA:StopPoint:BP:REP099:LOC,2026-09-20T15:29:56.632+02:00,2026-09-20T15:32:38.000+02:00,noReport,ALLER
2026-10-04T10:39:42.638337+00:00,ILEVIA:Line::M1:LOC,SIRI:388450263,ILEVIA:StopPoint:BP:RIH099:LOC,2026-09-20T15:29:57.683+02:00,2026-09-20T15:31:14.000+02:00,noReport,ALLER
2026-10-04T10:39:42.638337+00:00,ILEVIA:Line::M1:LOC,SIRI:388450265,ILEVIA:StopPoint:BP:CGA099:LOC,2026-09-20T15:29:56.909+02:00,2026-09-20T15:35:10.000+02:00,noReport,ALLER
2026-10-04T10:39:42.638337+00:00,ILEVIA:Line::M1:LOC,SIRI:390294678,ILEVIA:StopPoint:BP:CGA098:LOC,2026-09-30T06:00:38.615+02:00,2026-09-30T06:02:20.000+02:00,noReport,RETOUR
2026-10-04T10:39:42.638337+00:00,ILEVIA:Line::M1:LOC,SIRI:390294847,ILEVIA:StopPoint:BP:CGA098:LOC,2026-09-30T06:00:38.615+02:00,2026-09-30T06:03:12.000+02:00,noReport,RETOUR
2026-10-04T10:39:42.638337+00:00,ILEVIA:Line::M1:LOC,SIRI:390294860,ILEVIA:StopPoint:BP:4CA098:LOC,2026-09-30T06:00:38.015+02:00,,,RETOUR
2026-10-04T10:39:42.638337+00:00,ILEVIA:Line::M1:LOC,SIRI:390294691,ILEVIA:StopPoint:BP:4CA098:LOC,2026-09-30T06:00:38.015+02:00,,,RETOUR
2026-10-04T10:39:42.638337+00:00,ILEVIA:Line::M1:LOC,SIRI:390294852,ILEVIA:StopPoint:BP:DFI098:LOC,2026-09-30T06:00:36.878+02:00,2026-09-30T06:13:46.000+02:00,noReport,RETOUR
2026-10-04T10:39:42.638337+00:00,ILEVIA:Line::M1:LOC,SIRI:390294683,ILEVIA:StopPoint:BP:DFI098:LOC,2026-09-30T06:00:36.878+02:00,2026-09-30T06:12:54.000+02:00,noReport,RETOUR
2026-10-04T10:39:42.638337+00:00,ILEVIA:Line::M1:LOC,SIRI:390294848,ILEVIA:StopPoint:BP:REP098:LOC,2026-09-30T06:00:37.602+02:00,2026-09-30T06:05:44.000+02:00,noReport,RETOUR
2026-10-04T10:39:42.638337+00:00,ILEVIA:Line::M1:LOC,SIRI:390294679,ILEVIA:StopPoint:BP:REP098:LOC,2026-09-30T06:00:37.602+02:00,2026-09-30T06:04:52.000+02:00,noReport,RETOUR
2026-10-04T10:39:42.638337+00:00,ILEVIA:Line::M1:LOC,SIRI:390294688,ILEVIA:StopPoint:BP:HDV098:LOC,2026-09-30T06:00:37.958+02:00,2026-09-30T06:23:48.000+02:00,noReport,RETOUR
2026-10-04T10:39:42.638337+00:00,ILEVIA:Line::M1:LOC,SIRI:390294857,ILEVIA:StopPoint:BP:HDV098:LOC,2026-09-30T06:00:37.958+02:00,2026-09-30T06:24:40.000+02:00,noReport,RETOUR
2026-10-04T10:39:42.638337+00:00,ILEVIA:Line::M1:LOC,SIRI:390294854,ILEVIA:StopPoint:BP:MHE098:LOC,2026-09-30T06:00:38.455+02:00,2026-09-30T06:18:07.000+02:00,noReport,RETOUR
2026-10-04T10:39:42.638337+00:00,ILEVIA:Line::M1:LOC,SIRI:390294685,ILEVIA:StopPoint:BP:MHE098:LOC,2026-09-30T06:00:38.455+02:00,2026-09-30T06:17:15.000+02:00,noReport,RETOUR
2026-10-04T10:39:42.638337+00:00,ILEVIA:Line::M1:LOC,SIRI:390294853,ILEVIA:StopPoint:BP:MRB098:LOC,2026-09-30T06:00:37.005+02:00,2026-09-30T06:15:33.000+02:00,noReport,RETOUR
2026-10-04T10:39:42.638337+00:00,ILEVIA:Line::M1:LOC,SIRI:390294684,ILEVIA:StopPoint:BP:MRB098:LOC,2026-09-30T06:00:37.005+02:00,2026-09-30T06:14:41.000+02:00,noReport,RETOUR
2026-10-04T10:39:42.638337+00:00,ILEVIA:Line::M1:LOC,SIRI:390294849,ILEVIA:StopPoint:BP:RIH098:LOC,2026-09-30T06:00:40.575+02:00,2026-09-30T06:07:08.000+02:00,noReport,RETOUR
2026-10-04T10:39:42.638337+00:00,ILEVIA:Line::M1:LOC,SIRI:390294680,ILEVIA:StopPoint:BP:RIH098:LOC,2026-09-30T06:00:40.575+02:00,2026-09-30T06:06:16.000+02:00,noReport,RETOUR
2026-10-04T10:39:42.638337+00:00,ILEVIA:Line::M1:LOC,SIRI:390294677,ILEVIA:StopPoint:BP:WAZ098:LOC,2026-09-30T06:00:38.551+02:00,2026-09-30T06:01:16.000+02:00,noReport,RETOUR
2026-10-04T10:39:42.638337+00:00,ILEVIA:Line::M1:LOC,SIRI:390294846,ILEVIA:StopPoint:BP:WAZ098:LOC,2026-09-30T06:00:38.551+02:00,2026-09-30T06:02:08.000+02:00,noReport,RETOUR
2026-10-04T10:39:42.638337+00:00,ILEVIA:Line::M1:LOC,SIRI:390294856,ILEVIA:StopPoint:BP:PDB098:LOC,2026-09-30T06:00:49.112+02:00,2026-09-30T06:22:24.000+02:00,noReport,RETOUR
2026-10-04T10:39:42.638337+00:00,ILEVIA:Line::M1:LOC,SIRI:390294859,ILEVIA:StopPoint:BP:CSC098:LOC,2026-09-30T06:00:44.030+02:00,2026-09-30T06:28:15.000+02:00,noReport,RETOUR
2026-10-04T10:39:42.638337+00:00,ILEVIA:Line::M1:LOC,SIRI:390294851,ILEVIA:StopPoint:BP:CIE098:LOC,2026-09-30T06:00:47.884+02:00,2026-09-30T06:12:25.000+02:00,noReport,RETOUR
2026-10-04T10:39:42.638337+00:00,ILEVIA:Line::M1:LOC,SIRI:390294850,ILEVIA:StopPoint:BP:LIG098:LOC,2026-09-30T06:00:43.971+02:00,2026-09-30T06:08:56.000+02:00,noReport,RETOUR
2026-10-04T10:39:42.638337+00:00,ILEVIA:Line::M1:LOC,SIRI:390294855,ILEVIA:StopPoint:BP:LZN098:LOC,2026-09-30T06:00:48.262+02:00,2026-09-30T06:19:47.000+02:00,noReport,RETOUR
2026-10-04T10:39:42.638337+00:00,ILEVIA:Line::M1:LOC,SIRI:390294858,ILEVIA:StopPoint:BP:TIO098:LOC,2026-09-30T06:00:49.792+02:00,2026-09-30T06:26:43.000+02:00,noReport,RETOUR
2026-10-04T10:39:42.638337+00:00,ILEVIA:Line::RME1:LOC,SIRI:390295543,ILEVIA:StopPoint:BP:CGA198:LOC,2026-09-30T06:53:40.464+02:00,2026-09-30T06:56:03.000+02:00,noReport,RETOUR
2026-10-04T10:39:42.638337+00:00,ILEVIA:Line::RME1:LOC,SIRI:390295542,ILEVIA:StopPoint:BP:WAZ198:LOC,2026-09-30T06:53:38.682+02:00,2026-09-30T06:54:38.000+02:00,noReport,RETOUR
2026-10-04T10:39:42.638337+00:00,ILEVIA:Line::RME1:LOC,SIRI:390295808,ILEVIA:StopPoint:BP:HDV198:LOC,2026-09-30T07:45:21.324+02:00,2026-09-30T07:51:10.000+02:00,noReport,RETOUR
2026-10-04T10:39:42.638337+00:00,ILEVIA:Line::RME1:LOC,SIRI:390296400,ILEVIA:StopPoint:BP:DFI198:LOC,2026-09-30T07:53:17.552+02:00,2026-09-30T08:07:58.000+02:00,noReport,ALLER
2026-10-04T10:39:42.638337+00:00,ILEVIA:Line::RME1:LOC,SIRI:390296405,ILEVIA:StopPoint:BP:WAZ199:LOC,2026-09-30T08:07:43.853+02:00,2026-09-30T08:23:25.000+02:00,noReport,ALLER
2026-10-04T10:39:42.638337+00:00,ILEVIA:Line::RME1:LOC,SIRI:390296404,ILEVIA:StopPoint:BP:CGA199:LOC,2026-09-30T08:07:53.710+02:00,2026-09-30T08:22:03.000+02:00,noReport,ALLER
2026-10-04T15:29:42.440421+00:00,ILEVIA:Line::M1:LOC,SIRI:388450256,ILEVIA:StopPoint:BP:PDB099:LOC,2026-09-20T14:31:42.073+02:00,2026-09-20T14:31:34.000+02:00,onTime,ALLER
2026-10-04T15:29:42.440421+00:00,ILEVIA:Line::M1:LOC,SIRI:388450261,ILEVIA:StopPoint:BP:CIE099:LOC,2026-09-20T14:55:21.269+02:00,2026-09-20T14:56:09.000+02:00,noReport,ALLER
2026-10-04T15:29:42.440421+00:00,ILEVIA:Line::M1:LOC,SIRI:388450264,ILEVIA:StopPoint:BP:REP099:LOC,2026-09-20T15:29:56.632+02:00,2026-09-20T15:32:38.000+02:00,noReport,ALLER
2026-10-04T15:29:42.440421+00:00,ILEVIA:Line::M1:LOC,SIRI:388450263,ILEVIA:StopPoint:BP:RIH099:LOC,2026-09-20T15:29:57.683+02:00,2026-09-20T15:31:14.000+02:00,noReport,ALLER
2026-10-04T15:29:42.440421+00:00,ILEVIA:Line::M1:LOC,SIRI:388450265,ILEVIA:StopPoint:BP:CGA099:LOC,2026-09-20T15:29:56.909+02:00,2026-09-20T15:35:10.000+02:00,noReport,ALLER
2026-10-04T15:29:42.440421+00:00,ILEVIA:Line::M1:LOC,SIRI:390294678,ILEVIA:StopPoint:BP:CGA098:LOC,2026-09-30T06:00:38.615+02:00,2026-09-30T06:02:20.000+02:00,noReport,RETOUR
2026-10-04T15:29:42.440421+00:00,ILEVIA:Line::M1:LOC,SIRI:390294847,ILEVIA:StopPoint:BP:CGA098:LOC,2026-09-30T06:00:38.615+02:00,2026-09-30T06:03:12.000+02:00,noReport,RETOUR
2026-10-04T15:29:42.440421+00:00,ILEVIA:Line::M1:LOC,SIRI:390294860,ILEVIA:StopPoint:BP:4CA098:LOC,2026-09-30T06:00:38.015+02:00,,,RETOUR
2026-10-04T15:29:42.440421+00:00,ILEVIA:Line::M1:LOC,SIRI:390294691,ILEVIA:StopPoint:BP:4CA098:LOC,2026-09-30T06:00:38.015+02:00,,,RETOUR
2026-10-04T15:29:42.440421+00:00,ILEVIA:Line::M1:LOC,SIRI:390294852,ILEVIA:StopPoint:BP:DFI098:LOC,2026-09-30T06:00:36.878+02:00,2026-09-30T06:13:46.000+02:00,noReport,RETOUR
2026-10-04T15:29:42.440421+00:00,ILEVIA:Line::M1:LOC,SIRI:390294683,ILEVIA:StopPoint:BP:DFI098:LOC,2026-09-30T06:00:36.878+02:00,2026-09-30T06:12:54.000+02:00,noReport,RETOUR
2026-10-04T15:29:42.440421+00:00,ILEVIA:Line::M1:LOC,SIRI:390294848,ILEVIA:StopPoint:BP:REP098:LOC,2026-09-30T06:00:37.602+02:00,2026-09-30T06:05:44.000+02:00,noReport,RETOUR
2026-10-04T15:29:42.440421+00:00,ILEVIA:Line::M1:LOC,SIRI:390294679,ILEVIA:StopPoint:BP:REP098:LOC,2026-09-30T06:00:37.602+02:00,2026-09-30T06:04:52.000+02:00,noReport,RETOUR
2026-10-04T15:29:42.440421+00:00,ILEVIA:Line::M1:LOC,SIRI:390294688,ILEVIA:StopPoint:BP:HDV098:LOC,2026-09-30T06:00:37.958+02:00,2026-09-30T06:23:48.000+02:00,noReport,RETOUR
2026-10-04T15:29:42.440421+00:00,ILEVIA:Line::M1:LOC,SIRI:390294857,ILEVIA:StopPoint:BP:HDV098:LOC,2026-09-30T06:00:37.958+02:00,2026-09-30T06:24:40.000+02:00,noReport,RETOUR
2026-10-04T15:29:42.440421+00:00,ILEVIA:Line::M1:LOC,SIRI:390294854,ILEVIA:StopPoint:BP:MHE098:LOC,2026-09-30T06:00:38.455+02:00,2026-09-30T06:18:07.000+02:00,noReport,RETOUR
2026-10-04T15:29:42.440421+00:00,ILEVIA:Line::M1:LOC,SIRI:390294685,ILEVIA:StopPoint:BP:MHE098:LOC,2026-09-30T06:00:38.455+02:00,2026-09-30T06:17:15.000+02:00,noReport,RETOUR
2026-10-04T15:29:42.440421+00:00,ILEVIA:Line::M1:LOC,SIRI:390294853,ILEVIA:StopPoint:BP:MRB098:LOC,2026-09-30T06:00:37.005+02:00,2026-09-30T06:15:33.000+02:00,noReport,RETOUR
2026-10-04T15:29:42.440421+00:00,ILEVIA:Line::M1:LOC,SIRI:390294684,ILEVIA:StopPoint:BP:MRB098:LOC,2026-09-30T06:00:37.005+02:00,2026-09-30T06:14:41.000+02:00,noReport,RETOUR
2026-10-04T15:29:42.440421+00:00,ILEVIA:Line::M1:LOC,SIRI:390294849,ILEVIA:StopPoint:BP:RIH098:LOC,2026-09-30T06:00:40.575+02:00,2026-09-30T06:07:08.000+02:00,noReport,RETOUR
2026-10-04T15:29:42.440421+00:00,ILEVIA:Line::M1:LOC,SIRI:390294680,ILEVIA:StopPoint:BP:RIH098:LOC,2026-09-30T06:00:40.575+02:00,2026-09-30T06:06:16.000+02:00,noReport,RETOUR
2026-10-04T15:29:42.440421+00:00,ILEVIA:Line::M1:LOC,SIRI:390294677,ILEVIA:StopPoint:BP:WAZ098:LOC,2026-09-30T06:00:38.551+02:00,2026-09-30T06:01:16.000+02:00,noReport,RETOUR
2026-10-04T15:29:42.440421+00:00,ILEVIA:Line::M1:LOC,SIRI:390294846,ILEVIA:StopPoint:BP:WAZ098:LOC,2026-09-30T06:00:38.551+02:00,2026-09-30T06:02:08.000+02:00,noReport,RETOUR
2026-10-04T15:29:42.440421+00:00,ILEVIA:Line::M1:LOC,SIRI:390294856,ILEVIA:StopPoint:BP:PDB098:LOC,2026-09-30T06:00:49.112+02:00,2026-09-30T06:22:24.000+02:00,noReport,RETOUR
2026-10-04T15:29:42.440421+00:00,ILEVIA:Line::M1:LOC,SIRI:390294859,ILEVIA:StopPoint:BP:CSC098:LOC,2026-09-30T06:00:44.030+02:00,2026-09-30T06:28:15.000+02:00,noReport,RETOUR
2026-10-04T15:29:42.440421+00:00,ILEVIA:Line::M1:LOC,SIRI:390294851,ILEVIA:StopPoint:BP:CIE098:LOC,2026-09-30T06:00:47.884+02:00,2026-09-30T06:12:25.000+02:00,noReport,RETOUR
2026-10-04T15:29:42.440421+00:00,ILEVIA:Line::M1:LOC,SIRI:390294850,ILEVIA:StopPoint:BP:LIG098:LOC,2026-09-30T06:00:43.971+02:00,2026-09-30T06:08:56.000+02:00,noReport,RETOUR
2026-10-04T15:29:42.440421+00:00,ILEVIA:Line::M1:LOC,SIRI:390294855,ILEVIA:StopPoint:BP:LZN098:LOC,2026-09-30T06:00:48.262+02:00,2026-09-30T06:19:47.000+02:00,noReport,RETOUR
2026-10-04T15:29:42.440421+00:00,ILEVIA:Line::M1:LOC,SIRI:390294858,ILEVIA:StopPoint:BP:TIO098:LOC,2026-09-30T06:00:49.792+02:00,2026-09-30T06:26:43.000+02:00,noReport,RETOUR
2026-10-04T15:29:42.440421+00:00,ILEVIA:Line::RME1:LOC,SIRI:390295543,ILEVIA:StopPoint:BP:CGA198:LOC,2026-09-30T06:53:40.464+02:00,2026-09-30T06:56:03.000+02:00,noReport,RETOUR
2026-10-04T15:29:42.440421+00:00,ILEVIA:Line::RME1:LOC,SIRI:390295542,ILEVIA:StopPoint:BP:WAZ198:LOC,2026-09-30T06:53:38.682+02:00,2026-09-30T06:54:38.000+02:00,noReport,RETOUR
2026-10-04T15:29:42.440421+00:00,ILEVIA:Line::RME1:LOC,SIRI:390295808,ILEVIA:StopPoint:BP:HDV198:LOC,2026-09-30T07:45:21.324+02:00,2026-09-30T07:51:10.000+02:00,noReport,RETOUR
2026-10-04T15:29:42.440421+00:00,ILEVIA:Line::RME1:LOC,SIRI:390296400,ILEVIA:StopPoint:BP:DFI198:LOC,2026-09-30T07:53:17.552+02:00,2026-09-30T08:07:58.000+02:00,noReport,ALLER
2026-10-04T15:29:42.440421+00:00,ILEVIA:Line::RME1:LOC,SIRI:390296405,ILEVIA:StopPoint:BP:WAZ199:LOC,2026-09-30T08:07:43.853+02:00,2026-09-30T08:23:25.000+02:00,noReport,ALLER
2026-10-04T15:29:42.440421+00:00,ILEVIA:Line::RME1:LOC,SIRI:390296404,ILEVIA:StopPoint:BP:CGA199:LOC,2026-09-30T08:07:53.710+02:00,2026-09-30T08:22:03.000+02:00,noReport,ALLER
2026-10-04T18:43:56.191593+00:00,ILEVIA:Line::M1:LOC,SIRI:388450256,ILEVIA:StopPoint:BP:PDB099:LOC,2026-09-20T14:31:42.073+02:00,2026-09-20T14:31:34.000+02:00,onTime,ALLER
2026-10-04T18:43:56.191593+00:00,ILEVIA:Line::M1:LOC,SIRI:388450261,ILEVIA:StopPoint:BP:CIE099:LOC,2026-09-20T14:55:21.269+02:00,2026-09-20T14:56:09.000+02:00,noReport,ALLER
2026-10-04T18:43:56.191593+00:00,ILEVIA:Line::M1:LOC,SIRI:388450264,ILEVIA:StopPoint:BP:REP099:LOC,2026-09-20T15:29:56.632+02:00,2026-09-20T15:32:38.000+02:00,noReport,ALLER
2026-10-04T18:43:56.191593+00:00,ILEVIA:Line::M1:LOC,SIRI:388450263,ILEVIA:StopPoint:BP:RIH099:LOC,2026-09-20T15:29:57.683+02:00,2026-09-20T15:31:14.000+02:00,noReport,ALLER
2026-10-04T18:43:56.191593+00:00,ILEVIA:Line::M1:LOC,SIRI:388450265,ILEVIA:StopPoint:BP:CGA099:LOC,2026-09-20T15:29:56.909+02:00,2026-09-20T15:35:10.000+02:00,noReport,ALLER
2026-10-04T18:43:56.191593+00:00,ILEVIA:Line::M1:LOC,SIRI:390294678,ILEVIA:StopPoint:BP:CGA098:LOC,2026-09-30T06:00:38.615+02:00,2026-09-30T06:02:20.000+02:00,noReport,RETOUR
2026-10-04T18:43:56.191593+00:00,ILEVIA:Line::M1:LOC,SIRI:390294847,ILEVIA:StopPoint:BP:CGA098:LOC,2026-09-30T06:00:38.615+02:00,2026-09-30T06:03:12.000+02:00,noReport,RETOUR
2026-10-04T18:43:56.191593+00:00,ILEVIA:Line::M1:LOC,SIRI:390294860,ILEVIA:StopPoint:BP:4CA098:LOC,2026-09-30T06:00:38.015+02:00,,,RETOUR
2026-10-04T18:43:56.191593+00:00,ILEVIA:Line::M1:LOC,SIRI:390294691,ILEVIA:StopPoint:BP:4CA098:LOC,2026-09-30T06:00:38.015+02:00,,,RETOUR
2026-10-04T18:43:56.191593+00:00,ILEVIA:Line::M1:LOC,SIRI:390294852,ILEVIA:StopPoint:BP:DFI098:LOC,2026-09-30T06:00:36.878+02:00,2026-09-30T06:13:46.000+02:00,noReport,RETOUR
2026-10-04T18:43:56.191593+00:00,ILEVIA:Line::M1:LOC,SIRI:390294683,ILEVIA:StopPoint:BP:DFI098:LOC,2026-09-30T06:00:36.878+02:00,2026-09-30T06:12:54.000+02:00,noReport,RETOUR
2026-10-04T18:43:56.191593+00:00,ILEVIA:Line::M1:LOC,SIRI:390294848,ILEVIA:StopPoint:BP:REP098:LOC,2026-09-30T06:00:37.602+02:00,2026-09-30T06:05:44.000+02:00,noReport,RETOUR
2026-10-04T18:43:56.191593+00:00,ILEVIA:Line::M1:LOC,SIRI:390294679,ILEVIA:StopPoint:BP:REP098:LOC,2026-09-30T06:00:37.602+02:00,2026-09-30T06:04:52.000+02:00,noReport,RETOUR
2026-10-04T18:43:56.191593+00:00,ILEVIA:Line::M1:LOC,SIRI:390294688,ILEVIA:StopPoint:BP:HDV098:LOC,2026-09-30T06:00:37.958+02:00,2026-09-30T06:23:48.000+02:00,noReport,RETOUR
2026-10-04T18:43:56.191593+00:00,ILEVIA:Line::M1:LOC,SIRI:390294857,ILEVIA:StopPoint:BP:HDV098:LOC,2026-09-30T06:00:37.958+02:00,2026-09-30T06:24:40.000+02:00,noReport,RETOUR
2026-10-04T18:43:56.191593+00:00,ILEVIA:Line::M1:LOC,SIRI:390294854,ILEVIA:StopPoint:BP:MHE098:LOC,2026-09-30T06:00:38.455+02:00,2026-09-30T06:18:07.000+02:00,noReport,RETOUR
2026-10-04T18:43:56.191593+00:00,ILEVIA:Line::M1:LOC,SIRI:390294685,ILEVIA:StopPoint:BP:MHE098:LOC,2026-09-30T06:00:38.455+02:00,2026-09-30T06:17:15.000+02:00,noReport,RETOUR
2026-10-04T18:43:56.191593+00:00,ILEVIA:Line::M1:LOC,SIRI:390294853,ILEVIA:StopPoint:BP:MRB098:LOC,2026-09-30T06:00:37.005+02:00,2026-09-30T06:15:33.000+02:00,noReport,RETOUR
2026-10-04T18:43:56.191593+00:00,ILEVIA:Line::M1:LOC,SIRI:390294684,ILEVIA:StopPoint:BP:MRB098:LOC,2026-09-30T06:00:37.005+02:00,2026-09-30T06:14:41.000+02:00,noReport,RETOUR
2026-10-04T18:43:56.191593+00:00,ILEVIA:Line::M1:LOC,SIRI:390294849,ILEVIA:StopPoint:BP:RIH098:LOC,2026-09-30T06:00:40.575+02:00,2026-09-30T06:07:08.000+02:00,noReport,RETOUR
2026-10-04T18:43:56.191593+00:00,ILEVIA:Line::M1:LOC,SIRI:390294680,ILEVIA:StopPoint:BP:RIH098:LOC,2026-09-30T06:00:40.575+02:00,2026-09-30T06:06:16.000+02:00,noReport,RETOUR
2026-10-04T18:43:56.191593+00:00,ILEVIA:Line::M1:LOC,SIRI:390294677,ILEVIA:StopPoint:BP:WAZ098:LOC,2026-09-30T06:00:38.551+02:00,2026-09-30T06:01:16.000+02:00,noReport,RETOUR
2026-10-04T18:43:56.191593+00:00,ILEVIA:Line::M1:LOC,SIRI:390294846,ILEVIA:StopPoint:BP:WAZ098:LOC,2026-09-30T06:00:38.551+02:00,2026-09-30T06:02:08.000+02:00,noReport,RETOUR
2026-10-04T18:43:56.191593+00:00,ILEVIA:Line::M1:LOC,SIRI:390294856,ILEVIA:StopPoint:BP:PDB098:LOC,2026-09-30T06:00:49.112+02:00,2026-09-30T06:22:24.000+02:00,noReport,RETOUR
2026-10-04T18:43:56.191593+00:00,ILEVIA:Line::M1:LOC,SIRI:390294859,ILEVIA:StopPoint:BP:CSC098:LOC,2026-09-30T06:00:44.030+02:00,2026-09-30T06:28:15.000+02:00,noReport,RETOUR
2026-10-04T18:43:56.191593+00:00,ILEVIA:Line::M1:LOC,SIRI:390294851,ILEVIA:StopPoint:BP:CIE098:LOC,2026-09-30T06:00:47.884+02:00,2026-09-30T06:12:25.000+02:00,noReport,RETOUR
2026-10-04T18:43:56.191593+00:00,ILEVIA:Line::M1:LOC,SIRI:390294850,ILEVIA:StopPoint:BP:LIG098:LOC,2026-09-30T06:00:43.971+02:00,2026-09-30T06:08:56.000+02:00,noReport,RETOUR
2026-10-04T18:43:56.191593+00:00,ILEVIA:Line::M1:LOC,SIRI:390294855,ILEVIA:StopPoint:BP:LZN098:LOC,2026-09-30T06:00:48.262+02:00,2026-09-30T06:19:47.000+02:00,noReport,RETOUR
2026-10-04T18:43:56.191593+00:00,ILEVIA:Line::M1:LOC,SIRI:390294858,ILEVIA:StopPoint:BP:TIO098:LOC,2026-09-30T06:00:49.792+02:00,2026-09-30T06:26:43.000+02:00,noReport,RETOUR
2026-10-04T18:43:56.191593+00:00,ILEVIA:Line::RME1:LOC,SIRI:390295543,ILEVIA:StopPoint:BP:CGA198:LOC,2026-09-30T06:53:40.464+02:00,2026-09-30T06:56:03.000+02:00,noReport,RETOUR
2026-10-04T18:43:56.191593+00:00,ILEVIA:Line::RME1:LOC,SIRI:390295542,ILEVIA:StopPoint:BP:WAZ198:LOC,2026-09-30T06:53:38.682+02:00,2026-09-30T06:54:38.000+02:00,noReport,RETOUR
2026-10-04T18:43:56.191593+00:00,ILEVIA:Line::RME1:LOC,SIRI:390295808,ILEVIA:StopPoint:BP:HDV198:LOC,2026-09-30T07:45:21.324+02:00,2026-09-30T07:51:10.000+02:00,noReport,RETOUR
2026-10-04T18:43:56.191593+00:00,ILEVIA:Line::RME1:LOC,SIRI:390296400,ILEVIA:StopPoint:BP:DFI198:LOC,2026-09-30T07:53:17.552+02:00,2026-09-30T08:07:58.000+02:00,noReport,ALLER
2026-10-04T18:43:56.191593+00:00,ILEVIA:Line::RME1:LOC,SIRI:390296405,ILEVIA:StopPoint:BP:WAZ199:LOC,2026-09-30T08:07:43.853+02:00,2026-09-30T08:23:25.000+02:00,noReport,ALLER
2026-10-04T18:43:56.191593+00:00,ILEVIA:Line::RME1:LOC,SIRI:390296404,ILEVIA:StopPoint:BP:CGA199:LOC,2026-09-30T08:07:53.710+02:00,2026-09-30T08:22:03.000+02:00,noReport,ALLER
2026-10-04T21:57:36.554046+00:00,ILEVIA:Line::M1:LOC,SIRI:388450256,ILEVIA:StopPoint:BP:PDB099:LOC,2026-09-20T14:31:42.073+02:00,2026-09-20T14:31:34.000+02:00,onTime,ALLER
2026-10-04T21:57:36.554046+00:00,ILEVIA:Line::M1:LOC,SIRI:388450261,ILEVIA:StopPoint:BP:CIE099:LOC,2026-09-20T14:55:21.269+02:00,2026-09-20T14:56:09.000+02:00,noReport,ALLER
2026-10-04T21:57:36.554046+00:00,ILEVIA:Line::M1:LOC,SIRI:388450264,ILEVIA:StopPoint:BP:REP099:LOC,2026-09-20T15:29:56.632+02:00,2026-09-20T15:32:38.000+02:00,noReport,ALLER
2026-10-04T21:57:36.554046+00:00,ILEVIA:Line::M1:LOC,SIRI:388450263,ILEVIA:StopPoint:BP:RIH099:LOC,2026-09-20T15:29:57.683+02:00,2026-09-20T15:31:14.000+02:00,noReport,ALLER
2026-10-04T21:57:36.554046+00:00,ILEVIA:Line::M1:LOC,SIRI:388450265,ILEVIA:StopPoint:BP:CGA099:LOC,2026-09-20T15:29:56.909+02:00,2026-09-20T15:35:10.000+02:00,noReport,ALLER
2026-10-04T21:57:36.554046+00:00,ILEVIA:Line::M1:LOC,SIRI:390294678,ILEVIA:StopPoint:BP:CGA098:LOC,2026-09-30T06:00:38.615+02:00,2026-09-30T06:02:20.000+02:00,noReport,RETOUR
2026-10-04T21:57:36.554046+00:00,ILEVIA:Line::M1:LOC,SIRI:390294847,ILEVIA:StopPoint:BP:CGA098:LOC,2026-09-30T06:00:38.615+02:00,2026-09-30T06:03:12.000+02:00,noReport,RETOUR
2026-10-04T21:57:36.554046+00:00,ILEVIA:Line::M1:LOC,SIRI:390294860,ILEVIA:StopPoint:BP:4CA098:LOC,2026-09-30T06:00:38.015+02:00,,,RETOUR
2026-10-04T21:57:36.554046+00:00,ILEVIA:Line::M1:LOC,SIRI:390294691,ILEVIA:StopPoint:BP:4CA098:LOC,2026-09-30T06:00:38.015+02:00,,,RETOUR
2026-10-04T21:57:36.554046+00:00,ILEVIA:Line::M1:LOC,SIRI:390294852,ILEVIA:StopPoint:BP:DFI098:LOC,2026-09-30T06:00:36.878+02:00,2026-09-30T06:13:46.000+02:00,noReport,RETOUR
2026-10-04T21:57:36.554046+00:00,ILEVIA:Line::M1:LOC,SIRI:390294683,ILEVIA:StopPoint:BP:DFI098:LOC,2026-09-30T06:00:36.878+02:00,2026-09-30T06:12:54.000+02:00,noReport,RETOUR
2026-10-04T21:57:36.554046+00:00,ILEVIA:Line::M1:LOC,SIRI:390294848,ILEVIA:StopPoint:BP:REP098:LOC,2026-09-30T06:00:37.602+02:00,2026-09-30T06:05:44.000+02:00,noReport,RETOUR
2026-10-04T21:57:36.554046+00:00,ILEVIA:Line::M1:LOC,SIRI:390294679,ILEVIA:StopPoint:BP:REP098:LOC,2026-09-30T06:00:37.602+02:00,2026-09-30T06:04:52.000+02:00,noReport,RETOUR
2026-10-04T21:57:36.554046+00:00,ILEVIA:Line::M1:LOC,SIRI:390294688,ILEVIA:StopPoint:BP:HDV098:LOC,2026-09-30T06:00:37.958+02:00,2026-09-30T06:23:48.000+02:00,noReport,RETOUR
2026-10-04T21:57:36.554046+00:00,ILEVIA:Line::M1:LOC,SIRI:390294857,ILEVIA:StopPoint:BP:HDV098:LOC,2026-09-30T06:00:37.958+02:00,2026-09-30T06:24:40.000+02:00,noReport,RETOUR
2026-10-04T21:57:36.554046+00:00,ILEVIA:Line::M1:LOC,SIRI:390294854,ILEVIA:StopPoint:BP:MHE098:LOC,2026-09-30T06:00:38.455+02:00,2026-09-30T06:18:07.000+02:00,noReport,RETOUR
2026-10-04T21:57:36.554046+00:00,ILEVIA:Line::M1:LOC,SIRI:390294685,ILEVIA:StopPoint:BP:MHE098:LOC,2026-09-30T06:00:38.455+02:00,2026-09-30T06:17:15.000+02:00,noReport,RETOUR
2026-10-04T21:57:36.554046+00:00,ILEVIA:Line::M1:LOC,SIRI:390294853,ILEVIA:StopPoint:BP:MRB098:LOC,2026-09-30T06:00:37.005+02:00,2026-09-30T06:15:33.000+02:00,noReport,RETOUR
2026-10-04T21:57:36.554046+00:00,ILEVIA:Line::M1:LOC,SIRI:390294684,ILEVIA:StopPoint:BP:MRB098:LOC,2026-09-30T06:00:37.005+02:00,2026-09-30T06:14:41.000+02:00,noReport,RETOUR
2026-10-04T21:57:36.554046+00:00,ILEVIA:Line::M1:LOC,SIRI:390294849,ILEVIA:StopPoint:BP:RIH098:LOC,2026-09-30T06:00:40.575+02:00,2026-09-30T06:07:08.000+02:00,noReport,RETOUR
2026-10-04T21:57:36.554046+00:00,ILEVIA:Line::M1:LOC,SIRI:390294680,ILEVIA:StopPoint:BP:RIH098:LOC,2026-09-30T06:00:40.575+02:00,2026-09-30T06:06:16.000+02:00,noReport,RETOUR
2026-10-04T21:57:36.554046+00:00,ILEVIA:Line::M1:LOC,SIRI:390294677,ILEVIA:StopPoint:BP:WAZ098:LOC,2026-09-30T06:00:38.551+02:00,2026-09-30T06:01:16.000+02:00,noReport,RETOUR
2026-10-04T21:57:36.554046+00:00,ILEVIA:Line::M1:LOC,SIRI:390294846,ILEVIA:StopPoint:BP:WAZ098:LOC,2026-09-30T06:00:38.551+02:00,2026-09-30T06:02:08.000+02:00,noReport,RETOUR
2026-10-04T21:57:36.554046+00:00,ILEVIA:Line::M1:LOC,SIRI:390294856,ILEVIA:StopPoint:BP:PDB098:LOC,2026-09-30T06:00:49.112+02:00,2026-09-30T06:22:24.000+02:00,noReport,RETOUR
2026-10-04T21:57:36.554046+00:00,ILEVIA:Line::M1:LOC,SIRI:390294859,ILEVIA:StopPoint:BP:CSC098:LOC,2026-09-30T06:00:44.030+02:00,2026-09-30T06:28:15.000+02:00,noReport,RETOUR
2026-10-04T21:57:36.554046+00:00,ILEVIA:Line::M1:LOC,SIRI:390294851,ILEVIA:StopPoint:BP:CIE098:LOC,2026-09-30T06:00:47.884+02:00,2026-09-30T06:12:25.000+02:00,noReport,RETOUR
2026-10-04T21:57:36.554046+00:00,ILEVIA:Line::M1:LOC,SIRI:390294850,ILEVIA:StopPoint:BP:LIG098:LOC,2026-09-30T06:00:43.971+02:00,2026-09-30T06:08:56.000+02:00,noReport,RETOUR
2026-10-04T21:57:36.554046+00:00,ILEVIA:Line::M1:LOC,SIRI:390294855,ILEVIA:StopPoint:BP:LZN098:LOC,2026-09-30T06:00:48.262+02:00,2026-09-30T06:19:47.000+02:00,noReport,RETOUR
2026-10-04T21:57:36.554046+00:00,ILEVIA:Line::M1:LOC,SIRI:390294858,ILEVIA:StopPoint:BP:TIO098:LOC,2026-09-30T06:00:49.792+02:00,2026-09-30T06:26:43.000+02:00,noReport,RETOUR
2026-10-04T21:57:36.554046+00:00,ILEVIA:Line::RME1:LOC,SIRI:390295543,ILEVIA:StopPoint:BP:CGA198:LOC,2026-09-30T06:53:40.464+02:00,2026-09-30T06:56:03.000+02:00,noReport,RETOUR
2026-10-04T21:57:36.554046+00:00,ILEVIA:Line::RME1:LOC,SIRI:390295542,ILEVIA:StopPoint:BP:WAZ198:LOC,2026-09-30T06:53:38.682+02:00,2026-09-30T06:54:38.000+02:00,noReport,RETOUR
2026-10-04T21:57:36.554046+00:00,ILEVIA:Line::RME1:LOC,SIRI:390295808,ILEVIA:StopPoint:BP:HDV198:LOC,2026-09-30T07:45:21.324+02:00,2026-09-30T07:51:10.000+02:00,noReport,RETOUR
2026-10-04T21:57:36.554046+00:00,ILEVIA:Line::RME1:LOC,SIRI:390296400,ILEVIA:StopPoint:BP:DFI198:LOC,2026-09-30T07:53:17.552+02:00,2026-09-30T08:07:58.000+02:00,noReport,ALLER
2026-10-04T21:57:36.554046+00:00,ILEVIA:Line::RME1:LOC,SIRI:390296405,ILEVIA:StopPoint:BP:WAZ199:LOC,2026-09-30T08:07:43.853+02:00,2026-09-30T08:23:25.000+02:00,noReport,ALLER
2026-10-04T21:57:36.554046+00:00,ILEVIA:Line::RME1:LOC,SIRI:390296404,ILEVIA:StopPoint:BP:CGA199:LOC,2026-09-30T08:07:53.710+02:00,2026-09-30T08:22:03.000+02:00,noReport,ALLER
2026-10-05T00:24:50.557245+00:00,ILEVIA:Line::M1:LOC,SIRI:388450256,ILEVIA:StopPoint:BP:PDB099:LOC,2026-09-20T14:31:42.073+02:00,2026-09-20T14:31:34.000+02:00,onTime,ALLER
2026-10-05T00:24:50.557245+00:00,ILEVIA:Line::M1:LOC,SIRI:388450261,ILEVIA:StopPoint:BP:CIE099:LOC,2026-09-20T14:55:21.269+02:00,2026-09-20T14:56:09.000+02:00,noReport,ALLER
2026-10-05T00:24:50.557245+00:00,ILEVIA:Line::M1:LOC,SIRI:388450264,ILEVIA:StopPoint:BP:REP099:LOC,2026-09-20T15:29:56.632+02:00,2026-09-20T15:32:38.000+02:00,noReport,ALLER
2026-10-05T00:24:50.557245+00:00,ILEVIA:Line::M1:LOC,SIRI:388450263,ILEVIA:StopPoint:BP:RIH099:LOC,2026-09-20T15:29:57.683+02:00,2026-09-20T15:31:14.000+02:00,noReport,ALLER
2026-10-05T00:24:50.557245+00:00,ILEVIA:Line::M1:LOC,SIRI:388450265,ILEVIA:StopPoint:BP:CGA099:LOC,2026-09-20T15:29:56.909+02:00,2026-09-20T15:35:10.000+02:00,noReport,ALLER
2026-10-05T00:24:50.557245+00:00,ILEVIA:Line::M1:LOC,SIRI:390294678,ILEVIA:StopPoint:BP:CGA098:LOC,2026-09-30T06:00:38.615+02:00,2026-09-30T06:02:20.000+02:00,noReport,RETOUR
2026-10-05T00:24:50.557245+00:00,ILEVIA:Line::M1:LOC,SIRI:390294847,ILEVIA:StopPoint:BP:CGA098:LOC,2026-09-30T06:00:38.615+02:00,2026-09-30T06:03:12.000+02:00,noReport,RETOUR
2026-10-05T00:24:50.557245+00:00,ILEVIA:Line::M1:LOC,SIRI:390294860,ILEVIA:StopPoint:BP:4CA098:LOC,2026-09-30T06:00:38.015+02:00,,,RETOUR
2026-10-05T00:24:50.557245+00:00,ILEVIA:Line::M1:LOC,SIRI:390294691,ILEVIA:StopPoint:BP:4CA098:LOC,2026-09-30T06:00:38.015+02:00,,,RETOUR
2026-10-05T00:24:50.557245+00:00,ILEVIA:Line::M1:LOC,SIRI:390294852,ILEVIA:StopPoint:BP:DFI098:LOC,2026-09-30T06:00:36.878+02:00,2026-09-30T06:13:46.000+02:00,noReport,RETOUR
2026-10-05T00:24:50.557245+00:00,ILEVIA:Line::M1:LOC,SIRI:390294683,ILEVIA:StopPoint:BP:DFI098:LOC,2026-09-30T06:00:36.878+02:00,2026-09-30T06:12:54.000+02:00,noReport,RETOUR
2026-10-05T00:24:50.557245+00:00,ILEVIA:Line::M1:LOC,SIRI:390294848,ILEVIA:StopPoint:BP:REP098:LOC,2026-09-30T06:00:37.602+02:00,2026-09-30T06:05:44.000+02:00,noReport,RETOUR
2026-10-05T00:24:50.557245+00:00,ILEVIA:Line::M1:LOC,SIRI:390294679,ILEVIA:StopPoint:BP:REP098:LOC,2026-09-30T06:00:37.602+02:00,2026-09-30T06:04:52.000+02:00,noReport,RETOUR
2026-10-05T00:24:50.557245+00:00,ILEVIA:Line::M1:LOC,SIRI:390294688,ILEVIA:StopPoint:BP:HDV098:LOC,2026-09-30T06:00:37.958+02:00,2026-09-30T06:23:48.000+02:00,noReport,RETOUR
2026-10-05T00:24:50.557245+00:00,ILEVIA:Line::M1:LOC,SIRI:390294857,ILEVIA:StopPoint:BP:HDV098:LOC,2026-09-30T06:00:37.958+02:00,2026-09-30T06:24:40.000+02:00,noReport,RETOUR
2026-10-05T00:24:50.557245+00:00,ILEVIA:Line::M1:LOC,SIRI:390294854,ILEVIA:StopPoint:BP:MHE098:LOC,2026-09-30T06:00:38.455+02:00,2026-09-30T06:18:07.000+02:00,noReport,RETOUR
2026-10-05T00:24:50.557245+00:00,ILEVIA:Line::M1:LOC,SIRI:390294685,ILEVIA:StopPoint:BP:MHE098:LOC,2026-09-30T06:00:38.455+02:00,2026-09-30T06:17:15.000+02:00,noReport,RETOUR
2026-10-05T00:24:50.557245+00:00,ILEVIA:Line::M1:LOC,SIRI:390294853,ILEVIA:StopPoint:BP:MRB098:LOC,2026-09-30T06:00:37.005+02:00,2026-09-30T06:15:33.000+02:00,noReport,RETOUR
2026-10-05T00:24:50.557245+00:00,ILEVIA:Line::M1:LOC,SIRI:390294684,ILEVIA:StopPoint:BP:MRB098:LOC,2026-09-30T06:00:37.005+02:00,2026-09-30T06:14:41.000+02:00,noReport,RETOUR
2026-10-05T00:24:50.557245+00:00,ILEVIA:Line::M1:LOC,SIRI:390294849,ILEVIA:StopPoint:BP:RIH098:LOC,2026-09-30T06:00:40.575+02:00,2026-09-30T06:07:08.000+02:00,noReport,RETOUR
2026-10-05T00:24:50.557245+00:00,ILEVIA:Line::M1:LOC,SIRI:390294680,ILEVIA:StopPoint:BP:RIH098:LOC,2026-09-30T06:00:40.575+02:00,2026-09-30T06:06:16.000+02:00,noReport,RETOUR
2026-10-05T00:24:50.557245+00:00,ILEVIA:Line::M1:LOC,SIRI:390294677,ILEVIA:StopPoint:BP:WAZ098:LOC,2026-09-30T06:00:38.551+02:00,2026-09-30T06:01:16.000+02:00,noReport,RETOUR
2026-10-05T00:24:50.557245+00:00,ILEVIA:Line::M1:LOC,SIRI:390294846,ILEVIA:StopPoint:BP:WAZ098:LOC,2026-09-30T06:00:38.551+02:00,2026-09-30T06:02:08.000+02:00,noReport,RETOUR
2026-10-05T00:24:50.557245+00:00,ILEVIA:Line::M1:LOC,SIRI:390294856,ILEVIA:StopPoint:BP:PDB098:LOC,2026-09-30T06:00:49.112+02:00,2026-09-30T06:22:24.000+02:00,noReport,RETOUR
2026-10-05T00:24:50.557245+00:00,ILEVIA:Line::M1:LOC,SIRI:390294859,ILEVIA:StopPoint:BP:CSC098:LOC,2026-09-30T06:00:44.030+02:00,2026-09-30T06:28:15.000+02:00,noReport,RETOUR
2026-10-05T00:24:50.557245+00:00,ILEVIA:Line::M1:LOC,SIRI:390294851,ILEVIA:StopPoint:BP:CIE098:LOC,2026-09-30T06:00:47.884+02:00,2026-09-30T06:12:25.000+02:00,noReport,RETOUR
2026-10-05T00:24:50.557245+00:00,ILEVIA:Line::M1:LOC,SIRI:390294850,ILEVIA:StopPoint:BP:LIG098:LOC,2026-09-30T06:00:43.971+02:00,2026-09-30T06:08:56.000+02:00,noReport,RETOUR
2026-10-05T00:24:50.557245+00:00,ILEVIA:Line::M1:LOC,SIRI:390294855,ILEVIA:StopPoint:BP:LZN098:LOC,2026-09-30T06:00:48.262+02:00,2026-09-30T06:19:47.000+02:00,noReport,RETOUR
2026-10-05T00:24:50.557245+00:00,ILEVIA:Line::M1:LOC,SIRI:390294858,ILEVIA:StopPoint:BP:TIO098:LOC,2026-09-30T06:00:49.792+02:00,2026-09-30T06:26:43.000+02:00,noReport,RETOUR
2026-10-05T00:24:50.557245+00:00,ILEVIA:Line::RME1:LOC,SIRI:390295543,ILEVIA:StopPoint:BP:CGA198:LOC,2026-09-30T06:53:40.464+02:00,2026-09-30T06:56:03.000+02:00,noReport,RETOUR
2026-10-05T00:24:50.557245+00:00,ILEVIA:Line::RME1:LOC,SIRI:390295542,ILEVIA:StopPoint:BP:WAZ198:LOC,2026-09-30T06:53:38.682+02:00,2026-09-30T06:54:38.000+02:00,noReport,RETOUR
2026-10-05T00:24:50.557245+00:00,ILEVIA:Line::RME1:LOC,SIRI:390295808,ILEVIA:StopPoint:BP:HDV198:LOC,2026-09-30T07:45:21.324+02:00,2026-09-30T07:51:10.000+02:00,noReport,RETOUR
2026-10-05T00:24:50.557245+00:00,ILEVIA:Line::RME1:LOC,SIRI:390296400,ILEVIA:StopPoint:BP:DFI198:LOC,2026-09-30T07:53:17.552+02:00,2026-09-30T08:07:58.000+02:00,noReport,ALLER
2026-10-05T00:24:50.557245+00:00,ILEVIA:Line::RME1:LOC,SIRI:390296405,ILEVIA:StopPoint:BP:WAZ199:LOC,2026-09-30T08:07:43.853+02:00,2026-09-30T08:23:25.000+02:00,noReport,ALLER
2026-10-05T00:24:50.557245+00:00,ILEVIA:Line::RME1:LOC,SIRI:390296404,ILEVIA:StopPoint:BP:CGA199:LOC,2026-09-30T08:07:53.710+02:00,2026-09-30T08:22:03.000+02:00,noReport,ALLER
2026-10-05T05:58:19.437000+00:00,ILEVIA:Line::M1:LOC,SIRI:388450256,ILEVIA:StopPoint:BP:PDB099:LOC,2026-09-20T14:31:42.073+02:00,2026-09-20T14:31:34.000+02:00,onTime,ALLER
2026-10-05T05:58:19.437000+00:00,ILEVIA:Line::M1:LOC,SIRI:388450261,ILEVIA:StopPoint:BP:CIE099:LOC,2026-09-20T14:55:21.269+02:00,2026-09-20T14:56:09.000+02:00,noReport,ALLER
2026-10-05T05:58:19.437000+00:00,ILEVIA:Line::M1:LOC,SIRI:388450264,ILEVIA:StopPoint:BP:REP099:LOC,2026-09-20T15:29:56.632+02:00,2026-09-20T15:32:38.000+02:00,noReport,ALLER
2026-10-05T05:58:19.437000+00:00,ILEVIA:Line::M1:LOC,SIRI:388450263,ILEVIA:StopPoint:BP:RIH099:LOC,2026-09-20T15:29:57.683+02:00,2026-09-20T15:31:14.000+02:00,noReport,ALLER
2026-10-05T05:58:19.437000+00:00,ILEVIA:Line::M1:LOC,SIRI:388450265,ILEVIA:StopPoint:BP:CGA099:LOC,2026-09-20T15:29:56.909+02:00,2026-09-20T15:35:10.000+02:00,noReport,ALLER
2026-10-05T05:58:19.437000+00:00,ILEVIA:Line::M1:LOC,SIRI:390294678,ILEVIA:StopPoint:BP:CGA098:LOC,2026-09-30T06:00:38.615+02:00,2026-09-30T06:02:20.000+02:00,noReport,RETOUR
2026-10-05T05:58:19.437000+00:00,ILEVIA:Line::M1:LOC,SIRI:390294847,ILEVIA:StopPoint:BP:CGA098:LOC,2026-09-30T06:00:38.615+02:00,2026-09-30T06:03:12.000+02:00,noReport,RETOUR
2026-10-05T05:58:19.437000+00:00,ILEVIA:Line::M1:LOC,SIRI:390294860,ILEVIA:StopPoint:BP:4CA098:LOC,2026-09-30T06:00:38.015+02:00,,,RETOUR
2026-10-05T05:58:19.437000+00:00,ILEVIA:Line::M1:LOC,SIRI:390294691,ILEVIA:StopPoint:BP:4CA098:LOC,2026-09-30T06:00:38.015+02:00,,,RETOUR
2026-10-05T05:58:19.437000+00:00,ILEVIA:Line::M1:LOC,SIRI:390294852,ILEVIA:StopPoint:BP:DFI098:LOC,2026-09-30T06:00:36.878+02:00,2026-09-30T06:13:46.000+02:00,noReport,RETOUR
2026-10-05T05:58:19.437000+00:00,ILEVIA:Line::M1:LOC,SIRI:390294683,ILEVIA:StopPoint:BP:DFI098:LOC,2026-09-30T06:00:36.878+02:00,2026-09-30T06:12:54.000+02:00,noReport,RETOUR
2026-10-05T05:58:19.437000+00:00,ILEVIA:Line::M1:LOC,SIRI:390294848,ILEVIA:StopPoint:BP:REP098:LOC,2026-09-30T06:00:37.602+02:00,2026-09-30T06:05:44.000+02:00,noReport,RETOUR
2026-10-05T05:58:19.437000+00:00,ILEVIA:Line::M1:LOC,SIRI:390294679,ILEVIA:StopPoint:BP:REP098:LOC,2026-09-30T06:00:37.602+02:00,2026-09-30T06:04:52.000+02:00,noReport,RETOUR
2026-10-05T05:58:19.437000+00:00,ILEVIA:Line::M1:LOC,SIRI:390294688,ILEVIA:StopPoint:BP:HDV098:LOC,2026-09-30T06:00:37.958+02:00,2026-09-30T06:23:48.000+02:00,noReport,RETOUR
2026-10-05T05:58:19.437000+00:00,ILEVIA:Line::M1:LOC,SIRI:390294857,ILEVIA:StopPoint:BP:HDV098:LOC,2026-09-30T06:00:37.958+02:00,2026-09-30T06:24:40.000+02:00,noReport,RETOUR
2026-10-05T05:58:19.437000+00:00,ILEVIA:Line::M1:LOC,SIRI:390294854,ILEVIA:StopPoint:BP:MHE098:LOC,2026-09-30T06:00:38.455+02:00,2026-09-30T06:18:07.000+02:00,noReport,RETOUR
2026-10-05T05:58:19.437000+00:00,ILEVIA:Line::M1:LOC,SIRI:390294685,ILEVIA:StopPoint:BP:MHE098:LOC,2026-09-30T06:00:38.455+02:00,2026-09-30T06:17:15.000+02:00,noReport,RETOUR
2026-10-05T05:58:19.437000+00:00,ILEVIA:Line::M1:LOC,SIRI:390294853,ILEVIA:StopPoint:BP:MRB098:LOC,2026-09-30T06:00:37.005+02:00,2026-09-30T06:15:33.000+02:00,noReport,RETOUR
2026-10-05T05:58:19.437000+00:00,ILEVIA:Line::M1:LOC,SIRI:390294684,ILEVIA:StopPoint:BP:MRB098:LOC,2026-09-30T06:00:37.005+02:00,2026-09-30T06:14:41.000+02:00,noReport,RETOUR
2026-10-05T05:58:19.437000+00:00,ILEVIA:Line::M1:LOC,SIRI:390294849,ILEVIA:StopPoint:BP:RIH098:LOC,2026-09-30T06:00:40.575+02:00,2026-09-30T06:07:08.000+02:00,noReport,RETOUR
2026-10-05T05:58:19.437000+00:00,ILEVIA:Line::M1:LOC,SIRI:390294680,ILEVIA:StopPoint:BP:RIH098:LOC,2026-09-30T06:00:40.575+02:00,2026-09-30T06:06:16.000+02:00,noReport,RETOUR
2026-10-05T05:58:19.437000+00:00,ILEVIA:Line::M1:LOC,SIRI:390294677,ILEVIA:StopPoint:BP:WAZ098:LOC,2026-09-30T06:00:38.551+02:00,2026-09-30T06:01:16.000+02:00,noReport,RETOUR
2026-10-05T05:58:19.437000+00:00,ILEVIA:Line::M1:LOC,SIRI:390294846,ILEVIA:StopPoint:BP:WAZ098:LOC,2026-09-30T06:00:38.551+02:00,2026-09-30T06:02:08.000+02:00,noReport,RETOUR
2026-10-05T05:58:19.437000+00:00,ILEVIA:Line::M1:LOC,SIRI:390294856,ILEVIA:StopPoint:BP:PDB098:LOC,2026-09-30T06:00:49.112+02:00,2026-09-30T06:22:24.000+02:00,noReport,RETOUR
2026-10-05T05:58:19.437000+00:00,ILEVIA:Line::M1:LOC,SIRI:390294859,ILEVIA:StopPoint:BP:CSC098:LOC,2026-09-30T06:00:44.030+02:00,2026-09-30T06:28:15.000+02:00,noReport,RETOUR
2026-10-05T05:58:19.437000+00:00,ILEVIA:Line::M1:LOC,SIRI:390294851,ILEVIA:StopPoint:BP:CIE098:LOC,2026-09-30T06:00:47.884+02:00,2026-09-30T06:12:25.000+02:00,noReport,RETOUR
2026-10-05T05:58:19.437000+00:00,ILEVIA:Line::M1:LOC,SIRI:390294850,ILEVIA:StopPoint:BP:LIG098:LOC,2026-09-30T06:00:43.971+02:00,2026-09-30T06:08:56.000+02:00,noReport,RETOUR
2026-10-05T05:58:19.437000+00:00,ILEVIA:Line::M1:LOC,SIRI:390294855,ILEVIA:StopPoint:BP:LZN098:LOC,2026-09-30T06:00:48.262+02:00,2026-09-30T06:19:47.000+02:00,noReport,RETOUR
2026-10-05T05:58:19.437000+00:00,ILEVIA:Line::M1:LOC,SIRI:390294858,ILEVIA:StopPoint:BP:TIO098:LOC,2026-09-30T06:00:49.792+02:00,2026-09-30T06:26:43.000+02:00,noReport,RETOUR
2026-10-05T05:58:19.437000+00:00,ILEVIA:Line::RME1:LOC,SIRI:390295543,ILEVIA:StopPoint:BP:CGA198:LOC,2026-09-30T06:53:40.464+02:00,2026-09-30T06:56:03.000+02:00,noReport,RETOUR
2026-10-05T05:58:19.437000+00:00,ILEVIA:Line::RME1:LOC,SIRI:390295542,ILEVIA:StopPoint:BP:WAZ198:LOC,2026-09-30T06:53:38.682+02:00,2026-09-30T06:54:38.000+02:00,noReport,RETOUR
2026-10-05T05:58:19.437000+00:00,ILEVIA:Line::RME1:LOC,SIRI:390295808,ILEVIA:StopPoint:BP:HDV198:LOC,2026-09-30T07:45:21.324+02:00,2026-09-30T07:51:10.000+02:00,noReport,RETOUR
2026-10-05T05:58:19.437000+00:00,ILEVIA:Line::RME1:LOC,SIRI:390296400,ILEVIA:StopPoint:BP:DFI198:LOC,2026-09-30T07:53:17.552+02:00,2026-09-30T08:07:58.000+02:00,noReport,ALLER
2026-10-05T05:58:19.437000+00:00,ILEVIA:Line::RME1:LOC,SIRI:390296405,ILEVIA:StopPoint:BP:WAZ199:LOC,2026-09-30T08:07:43.853+02:00,2026-09-30T08:23:25.000+02:00,noReport,ALLER
2026-10-05T05:58:19.437000+00:00,ILEVIA:Line::RME1:LOC,SIRI:390296404,ILEVIA:StopPoint:BP:CGA199:LOC,2026-09-30T08:07:53.710+02:00,2026-09-30T08:22:03.000+02:00,noReport,ALLER
2026-10-05T13:39:35.205504+00:00,ILEVIA:Line::M1:LOC,SIRI:388450256,ILEVIA:StopPoint:BP:PDB099:LOC,2026-09-20T14:31:42.073+02:00,2026-09-20T14:31:34.000+02:00,onTime,ALLER
2026-10-05T13:39:35.205504+00:00,ILEVIA:Line::M1:LOC,SIRI:388450261,ILEVIA:StopPoint:BP:CIE099:LOC,2026-09-20T14:55:21.269+02:00,2026-09-20T14:56:09.000+02:00,noReport,ALLER
2026-10-05T13:39:35.205504+00:00,ILEVIA:Line::M1:LOC,SIRI:388450264,ILEVIA:StopPoint:BP:REP099:LOC,2026-09-20T15:29:56.632+02:00,2026-09-20T15:32:38.000+02:00,noReport,ALLER
2026-10-05T13:39:35.205504+00:00,ILEVIA:Line::M1:LOC,SIRI:388450263,ILEVIA:StopPoint:BP:RIH099:LOC,2026-09-20T15:29:57.683+02:00,2026-09-20T15:31:14.000+02:00,noReport,ALLER
2026-10-05T13:39:35.205504+00:00,ILEVIA:Line::M1:LOC,SIRI:388450265,ILEVIA:StopPoint:BP:CGA099:LOC,2026-09-20T15:29:56.909+02:00,2026-09-20T15:35:10.000+02:00,noReport,ALLER
2026-10-05T13:39:35.205504+00:00,ILEVIA:Line::M1:LOC,SIRI:390294678,ILEVIA:StopPoint:BP:CGA098:LOC,2026-09-30T06:00:38.615+02:00,2026-09-30T06:02:20.000+02:00,noReport,RETOUR
2026-10-05T13:39:35.205504+00:00,ILEVIA:Line::M1:LOC,SIRI:390294847,ILEVIA:StopPoint:BP:CGA098:LOC,2026-09-30T06:00:38.615+02:00,2026-09-30T06:03:12.000+02:00,noReport,RETOUR
2026-10-05T13:39:35.205504+00:00,ILEVIA:Line::M1:LOC,SIRI:390294860,ILEVIA:StopPoint:BP:4CA098:LOC,2026-09-30T06:00:38.015+02:00,,,RETOUR
2026-10-05T13:39:35.205504+00:00,ILEVIA:Line::M1:LOC,SIRI:390294691,ILEVIA:StopPoint:BP:4CA098:LOC,2026-09-30T06:00:38.015+02:00,,,RETOUR
2026-10-05T13:39:35.205504+00:00,ILEVIA:Line::M1:LOC,SIRI:390294852,ILEVIA:StopPoint:BP:DFI098:LOC,2026-09-30T06:00:36.878+02:00,2026-09-30T06:13:46.000+02:00,noReport,RETOUR
2026-10-05T13:39:35.205504+00:00,ILEVIA:Line::M1:LOC,SIRI:390294683,ILEVIA:StopPoint:BP:DFI098:LOC,2026-09-30T06:00:36.878+02:00,2026-09-30T06:12:54.000+02:00,noReport,RETOUR
2026-10-05T13:39:35.205504+00:00,ILEVIA:Line::M1:LOC,SIRI:390294848,ILEVIA:StopPoint:BP:REP098:LOC,2026-09-30T06:00:37.602+02:00,2026-09-30T06:05:44.000+02:00,noReport,RETOUR
2026-10-05T13:39:35.205504+00:00,ILEVIA:Line::M1:LOC,SIRI:390294679,ILEVIA:StopPoint:BP:REP098:LOC,2026-09-30T06:00:37.602+02:00,2026-09-30T06:04:52.000+02:00,noReport,RETOUR
2026-10-05T13:39:35.205504+00:00,ILEVIA:Line::M1:LOC,SIRI:390294688,ILEVIA:StopPoint:BP:HDV098:LOC,2026-09-30T06:00:37.958+02:00,2026-09-30T06:23:48.000+02:00,noReport,RETOUR
2026-10-05T13:39:35.205504+00:00,ILEVIA:Line::M1:LOC,SIRI:390294857,ILEVIA:StopPoint:BP:HDV098:LOC,2026-09-30T06:00:37.958+02:00,2026-09-30T06:24:40.000+02:00,noReport,RETOUR
2026-10-05T13:39:35.205504+00:00,ILEVIA:Line::M1:LOC,SIRI:390294854,ILEVIA:StopPoint:BP:MHE098:LOC,2026-09-30T06:00:38.455+02:00,2026-09-30T06:18:07.000+02:00,noReport,RETOUR
2026-10-05T13:39:35.205504+00:00,ILEVIA:Line::M1:LOC,SIRI:390294685,ILEVIA:StopPoint:BP:MHE098:LOC,2026-09-30T06:00:38.455+02:00,2026-09-30T06:17:15.000+02:00,noReport,RETOUR
2026-10-05T13:39:35.205504+00:00,ILEVIA:Line::M1:LOC,SIRI:390294853,ILEVIA:StopPoint:BP:MRB098:LOC,2026-09-30T06:00:37.005+02:00,2026-09-30T06:15:33.000+02:00,noReport,RETOUR
2026-10-05T13:39:35.205504+00:00,ILEVIA:Line::M1:LOC,SIRI:390294684,ILEVIA:StopPoint:BP:MRB098:LOC,2026-09-30T06:00:37.005+02:00,2026-09-30T06:14:41.000+02:00,noReport,RETOUR
2026-10-05T13:39:35.205504+00:00,ILEVIA:Line::M1:LOC,SIRI:390294849,ILEVIA:StopPoint:BP:RIH098:LOC,2026-09-30T06:00:40.575+02:00,2026-09-30T06:07:08.000+02:00,noReport,RETOUR
2026-10-05T13:39:35.205504+00:00,ILEVIA:Line::M1:LOC,SIRI:390294680,ILEVIA:StopPoint:BP:RIH098:LOC,2026-09-30T06:00:40.575+02:00,2026-09-30T06:06:16.000+02:00,noReport,RETOUR
2026-10-05T13:39:35.205504+00:00,ILEVIA:Line::M1:LOC,SIRI:390294677,ILEVIA:StopPoint:BP:WAZ098:LOC,2026-09-30T06:00:38.551+02:00,2026-09-30T06:01:16.000+02:00,noReport,RETOUR
2026-10-05T13:39:35.205504+00:00,ILEVIA:Line::M1:LOC,SIRI:390294846,ILEVIA:StopPoint:BP:WAZ098:LOC,2026-09-30T06:00:38.551+02:00,2026-09-30T06:02:08.000+02:00,noReport,RETOUR
2026-10-05T13:39:35.205504+00:00,ILEVIA:Line::M1:LOC,SIRI:390294856,ILEVIA:StopPoint:BP:PDB098:LOC,2026-09-30T06:00:49.112+02:00,2026-09-30T06:22:24.000+02:00,noReport,RETOUR
2026-10-05T13:39:35.205504+00:00,ILEVIA:Line::M1:LOC,SIRI:390294859,ILEVIA:StopPoint:BP:CSC098:LOC,2026-09-30T06:00:44.030+02:00,2026-09-30T06:28:15.000+02:00,noReport,RETOUR
2026-10-05T13:39:35.205504+00:00,ILEVIA:Line::M1:LOC,SIRI:390294851,ILEVIA:StopPoint:BP:CIE098:LOC,2026-09-30T06:00:47.884+02:00,2026-09-30T06:12:25.000+02:00,noReport,RETOUR
2026-10-05T13:39:35.205504+00:00,ILEVIA:Line::M1:LOC,SIRI:390294850,ILEVIA:StopPoint:BP:LIG098:LOC,2026-09-30T06:00:43.971+02:00,2026-09-30T06:08:56.000+02:00,noReport,RETOUR
2026-10-05T13:39:35.205504+00:00,ILEVIA:Line::M1:LOC,SIRI:390294855,ILEVIA:StopPoint:BP:LZN098:LOC,2026-09-30T06:00:48.262+02:00,2026-09-30T06:19:47.000+02:00,noReport,RETOUR
2026-10-05T13:39:35.205504+00:00,ILEVIA:Line::M1:LOC,SIRI:390294858,ILEVIA:StopPoint:BP:TIO098:LOC,2026-09-30T06:00:49.792+02:00,2026-09-30T06:26:43.000+02:00,noReport,RETOUR
2026-10-05T13:39:35.205504+00:00,ILEVIA:Line::RME1:LOC,SIRI:390295543,ILEVIA:StopPoint:BP:CGA198:LOC,2026-09-30T06:53:40.464+02:00,2026-09-30T06:56:03.000+02:00,noReport,RETOUR
2026-10-05T13:39:35.205504+00:00,ILEVIA:Line::RME1:LOC,SIRI:390295542,ILEVIA:StopPoint:BP:WAZ198:LOC,2026-09-30T06:53:38.682+02:00,2026-09-30T06:54:38.000+02:00,noReport,RETOUR
2026-10-05T13:39:35.205504+00:00,ILEVIA:Line::RME1:LOC,SIRI:390295808,ILEVIA:StopPoint:BP:HDV198:LOC,2026-09-30T07:45:21.324+02:00,2026-09-30T07:51:10.000+02:00,noReport,RETOUR
2026-10-05T13:39:35.205504+00:00,ILEVIA:Line::RME1:LOC,SIRI:390296400,ILEVIA:StopPoint:BP:DFI198:LOC,2026-09-30T07:53:17.552+02:00,2026-09-30T08:07:58.000+02:00,noReport,ALLER
2026-10-05T13:39:35.205504+00:00,ILEVIA:Line::RME1:LOC,SIRI:390296405,ILEVIA:StopPoint:BP:WAZ199:LOC,2026-09-30T08:07:43.853+02:00,2026-09-30T08:23:25.000+02:00,noReport,ALLER
2026-10-05T13:39:35.205504+00:00,ILEVIA:Line::RME1:LOC,SIRI:390296404,ILEVIA:StopPoint:BP:CGA199:LOC,2026-09-30T08:07:53.710+02:00,2026-09-30T08:22:03.000+02:00,noReport,ALLER
2026-10-05T21:18:45.334179+00:00,ILEVIA:Line::M1:LOC,SIRI:388450256,ILEVIA:StopPoint:BP:PDB099:LOC,2026-09-20T14:31:42.073+02:00,2026-09-20T14:31:34.000+02:00,onTime,ALLER
2026-10-05T21:18:45.334179+00:00,ILEVIA:Line::M1:LOC,SIRI:388450261,ILEVIA:StopPoint:BP:CIE099:LOC,2026-09-20T14:55:21.269+02:00,2026-09-20T14:56:09.000+02:00,noReport,ALLER
2026-10-05T21:18:45.334179+00:00,ILEVIA:Line::M1:LOC,SIRI:388450264,ILEVIA:StopPoint:BP:REP099:LOC,2026-09-20T15:29:56.632+02:00,2026-09-20T15:32:38.000+02:00,noReport,ALLER
2026-10-05T21:18:45.334179+00:00,ILEVIA:Line::M1:LOC,SIRI:388450263,ILEVIA:StopPoint:BP:RIH099:LOC,2026-09-20T15:29:57.683+02:00,2026-09-20T15:31:14.000+02:00,noReport,ALLER
2026-10-05T21:18:45.334179+00:00,ILEVIA:Line::M1:LOC,SIRI:388450265,ILEVIA:StopPoint:BP:CGA099:LOC,2026-09-20T15:29:56.909+02:00,2026-09-20T15:35:10.000+02:00,noReport,ALLER
2026-10-05T21:18:45.334179+00:00,ILEVIA:Line::M1:LOC,SIRI:390294678,ILEVIA:StopPoint:BP:CGA098:LOC,2026-09-30T06:00:38.615+02:00,2026-09-30T06:02:20.000+02:00,noReport,RETOUR
2026-10-05T21:18:45.334179+00:00,ILEVIA:Line::M1:LOC,SIRI:390294847,ILEVIA:StopPoint:BP:CGA098:LOC,2026-09-30T06:00:38.615+02:00,2026-09-30T06:03:12.000+02:00,noReport,RETOUR
2026-10-05T21:18:45.334179+00:00,ILEVIA:Line::M1:LOC,SIRI:390294860,ILEVIA:StopPoint:BP:4CA098:LOC,2026-09-30T06:00:38.015+02:00,,,RETOUR
2026-10-05T21:18:45.334179+00:00,ILEVIA:Line::M1:LOC,SIRI:390294691,ILEVIA:StopPoint:BP:4CA098:LOC,2026-09-30T06:00:38.015+02:00,,,RETOUR
2026-10-05T21:18:45.334179+00:00,ILEVIA:Line::M1:LOC,SIRI:390294852,ILEVIA:StopPoint:BP:DFI098:LOC,2026-09-30T06:00:36.878+02:00,2026-09-30T06:13:46.000+02:00,noReport,RETOUR
2026-10-05T21:18:45.334179+00:00,ILEVIA:Line::M1:LOC,SIRI:390294683,ILEVIA:StopPoint:BP:DFI098:LOC,2026-09-30T06:00:36.878+02:00,2026-09-30T06:12:54.000+02:00,noReport,RETOUR
2026-10-05T21:18:45.334179+00:00,ILEVIA:Line::M1:LOC,SIRI:390294848,ILEVIA:StopPoint:BP:REP098:LOC,2026-09-30T06:00:37.602+02:00,2026-09-30T06:05:44.000+02:00,noReport,RETOUR
2026-10-05T21:18:45.334179+00:00,ILEVIA:Line::M1:LOC,SIRI:390294679,ILEVIA:StopPoint:BP:REP098:LOC,2026-09-30T06:00:37.602+02:00,2026-09-30T06:04:52.000+02:00,noReport,RETOUR
2026-10-05T21:18:45.334179+00:00,ILEVIA:Line::M1:LOC,SIRI:390294688,ILEVIA:StopPoint:BP:HDV098:LOC,2026-09-30T06:00:37.958+02:00,2026-09-30T06:23:48.000+02:00,noReport,RETOUR
2026-10-05T21:18:45.334179+00:00,ILEVIA:Line::M1:LOC,SIRI:390294857,ILEVIA:StopPoint:BP:HDV098:LOC,2026-09-30T06:00:37.958+02:00,2026-09-30T06:24:40.000+02:00,noReport,RETOUR
2026-10-05T21:18:45.334179+00:00,ILEVIA:Line::M1:LOC,SIRI:390294854,ILEVIA:StopPoint:BP:MHE098:LOC,2026-09-30T06:00:38.455+02:00,2026-09-30T06:18:07.000+02:00,noReport,RETOUR
2026-10-05T21:18:45.334179+00:00,ILEVIA:Line::M1:LOC,SIRI:390294685,ILEVIA:StopPoint:BP:MHE098:LOC,2026-09-30T06:00:38.455+02:00,2026-09-30T06:17:15.000+02:00,noReport,RETOUR
2026-10-05T21:18:45.334179+00:00,ILEVIA:Line::M1:LOC,SIRI:390294853,ILEVIA:StopPoint:BP:MRB098:LOC,2026-09-30T06:00:37.005+02:00,2026-09-30T06:15:33.000+02:00,noReport,RETOUR
2026-10-05T21:18:45.334179+00:00,ILEVIA:Line::M1:LOC,SIRI:390294684,ILEVIA:StopPoint:BP:MRB098:LOC,2026-09-30T06:00:37.005+02:00,2026-09-30T06:14:41.000+02:00,noReport,RETOUR
2026-10-05T21:18:45.334179+00:00,ILEVIA:Line::M1:LOC,SIRI:390294849,ILEVIA:StopPoint:BP:RIH098:LOC,2026-09-30T06:00:40.575+02:00,2026-09-30T06:07:08.000+02:00,noReport,RETOUR
2026-10-05T21:18:45.334179+00:00,ILEVIA:Line::M1:LOC,SIRI:390294680,ILEVIA:StopPoint:BP:RIH098:LOC,2026-09-30T06:00:40.575+02:00,2026-09-30T06:06:16.000+02:00,noReport,RETOUR
2026-10-05T21:18:45.334179+00:00,ILEVIA:Line::M1:LOC,SIRI:390294677,ILEVIA:StopPoint:BP:WAZ098:LOC,2026-09-30T06:00:38.551+02:00,2026-09-30T06:01:16.000+02:00,noReport,RETOUR
2026-10-05T21:18:45.334179+00:00,ILEVIA:Line::M1:LOC,SIRI:390294846,ILEVIA:StopPoint:BP:WAZ098:LOC,2026-09-30T06:00:38.551+02:00,2026-09-30T06:02:08.000+02:00,noReport,RETOUR
2026-10-05T21:18:45.334179+00:00,ILEVIA:Line::M1:LOC,SIRI:390294856,ILEVIA:StopPoint:BP:PDB098:LOC,2026-09-30T06:00:49.112+02:00,2026-09-30T06:22:24.000+02:00,noReport,RETOUR
2026-10-05T21:18:45.334179+00:00,ILEVIA:Line::M1:LOC,SIRI:390294859,ILEVIA:StopPoint:BP:CSC098:LOC,2026-09-30T06:00:44.030+02:00,2026-09-30T06:28:15.000+02:00,noReport,RETOUR
2026-10-05T21:18:45.334179+00:00,ILEVIA:Line::M1:LOC,SIRI:390294851,ILEVIA:StopPoint:BP:CIE098:LOC,2026-09-30T06:00:47.884+02:00,2026-09-30T06:12:25.000+02:00,noReport,RETOUR
2026-10-05T21:18:45.334179+00:00,ILEVIA:Line::M1:LOC,SIRI:390294850,ILEVIA:StopPoint:BP:LIG098:LOC,2026-09-30T06:00:43.971+02:00,2026-09-30T06:08:56.000+02:00,noReport,RETOUR
2026-10-05T21:18:45.334179+00:00,ILEVIA:Line::M1:LOC,SIRI:390294855,ILEVIA:StopPoint:BP:LZN098:LOC,2026-09-30T06:00:48.262+02:00,2026-09-30T06:19:47.000+02:00,noReport,RETOUR
2026-10-05T21:18:45.334179+00:00,ILEVIA:Line::M1:LOC,SIRI:390294858,ILEVIA:StopPoint:BP:TIO098:LOC,2026-09-30T06:00:49.792+02:00,2026-09-30T06:26:43.000+02:00,noReport,RETOUR
2026-10-05T21:18:45.334179+00:00,ILEVIA:Line::RME1:LOC,SIRI:390295543,ILEVIA:StopPoint:BP:CGA198:LOC,2026-09-30T06:53:40.464+02:00,2026-09-30T06:56:03.000+02:00,noReport,RETOUR
2026-10-05T21:18:45.334179+00:00,ILEVIA:Line::RME1:LOC,SIRI:390295542,ILEVIA:StopPoint:BP:WAZ198:LOC,2026-09-30T06:53:38.682+02:00,2026-09-30T06:54:38.000+02:00,noReport,RETOUR
2026-10-05T21:18:45.334179+00:00,ILEVIA:Line::RME1:LOC,SIRI:390295808,ILEVIA:StopPoint:BP:HDV198:LOC,2026-09-30T07:45:21.324+02:00,2026-09-30T07:51:10.000+02:00,noReport,RETOUR
2026-10-05T21:18:45.334179+00:00,ILEVIA:Line::RME1:LOC,SIRI:390296400,ILEVIA:StopPoint:BP:DFI198:LOC,2026-09-30T07:53:17.552+02:00,2026-09-30T08:07:58.000+02:00,noReport,ALLER
2026-10-05T21:18:45.334179+00:00,ILEVIA:Line::RME1:LOC,SIRI:390296405,ILEVIA:StopPoint:BP:WAZ199:LOC,2026-09-30T08:07:43.853+02:00,2026-09-30T08:23:25.000+02:00,noReport,ALLER
2026-10-05T21:18:45.334179+00:00,ILEVIA:Line::RME1:LOC,SIRI:390296404,ILEVIA:StopPoint:BP:CGA199:LOC,2026-09-30T08:07:53.710+02:00,2026-09-30T08:22:03.000+02:00,noReport,ALLER
2026-10-06T01:45:39.652097+00:00,ILEVIA:Line::M1:LOC,SIRI:388450256,ILEVIA:StopPoint:BP:PDB099:LOC,2026-09-20T14:31:42.073+02:00,2026-09-20T14:31:34.000+02:00,onTime,ALLER
2026-10-06T01:45:39.652097+00:00,ILEVIA:Line::M1:LOC,SIRI:388450261,ILEVIA:StopPoint:BP:CIE099:LOC,2026-09-20T14:55:21.269+02:00,2026-09-20T14:56:09.000+02:00,noReport,ALLER
2026-10-06T01:45:39.652097+00:00,ILEVIA:Line::M1:LOC,SIRI:388450264,ILEVIA:StopPoint:BP:REP099:LOC,2026-09-20T15:29:56.632+02:00,2026-09-20T15:32:38.000+02:00,noReport,ALLER
2026-10-06T01:45:39.652097+00:00,ILEVIA:Line::M1:LOC,SIRI:388450263,ILEVIA:StopPoint:BP:RIH099:LOC,2026-09-20T15:29:57.683+02:00,2026-09-20T15:31:14.000+02:00,noReport,ALLER
2026-10-06T01:45:39.652097+00:00,ILEVIA:Line::M1:LOC,SIRI:388450265,ILEVIA:StopPoint:BP:CGA099:LOC,2026-09-20T15:29:56.909+02:00,2026-09-20T15:35:10.000+02:00,noReport,ALLER
2026-10-06T01:45:39.652097+00:00,ILEVIA:Line::M1:LOC,SIRI:390294678,ILEVIA:StopPoint:BP:CGA098:LOC,2026-09-30T06:00:38.615+02:00,2026-09-30T06:02:20.000+02:00,noReport,RETOUR
2026-10-06T01:45:39.652097+00:00,ILEVIA:Line::M1:LOC,SIRI:390294847,ILEVIA:StopPoint:BP:CGA098:LOC,2026-09-30T06:00:38.615+02:00,2026-09-30T06:03:12.000+02:00,noReport,RETOUR
2026-10-06T01:45:39.652097+00:00,ILEVIA:Line::M1:LOC,SIRI:390294860,ILEVIA:StopPoint:BP:4CA098:LOC,2026-09-30T06:00:38.015+02:00,,,RETOUR
2026-10-06T01:45:39.652097+00:00,ILEVIA:Line::M1:LOC,SIRI:390294691,ILEVIA:StopPoint:BP:4CA098:LOC,2026-09-30T06:00:38.015+02:00,,,RETOUR
2026-10-06T01:45:39.652097+00:00,ILEVIA:Line::M1:LOC,SIRI:390294852,ILEVIA:StopPoint:BP:DFI098:LOC,2026-09-30T06:00:36.878+02:00,2026-09-30T06:13:46.000+02:00,noReport,RETOUR
2026-10-06T01:45:39.652097+00:00,ILEVIA:Line::M1:LOC,SIRI:390294683,ILEVIA:StopPoint:BP:DFI098:LOC,2026-09-30T06:00:36.878+02:00,2026-09-30T06:12:54.000+02:00,noReport,RETOUR
2026-10-06T01:45:39.652097+00:00,ILEVIA:Line::M1:LOC,SIRI:390294848,ILEVIA:StopPoint:BP:REP098:LOC,2026-09-30T06:00:37.602+02:00,2026-09-30T06:05:44.000+02:00,noReport,RETOUR
2026-10-06T01:45:39.652097+00:00,ILEVIA:Line::M1:LOC,SIRI:390294679,ILEVIA:StopPoint:BP:REP098:LOC,2026-09-30T06:00:37.602+02:00,2026-09-30T06:04:52.000+02:00,noReport,RETOUR
2026-10-06T01:45:39.652097+00:00,ILEVIA:Line::M1:LOC,SIRI:390294688,ILEVIA:StopPoint:BP:HDV098:LOC,2026-09-30T06:00:37.958+02:00,2026-09-30T06:23:48.000+02:00,noReport,RETOUR
2026-10-06T01:45:39.652097+00:00,ILEVIA:Line::M1:LOC,SIRI:390294857,ILEVIA:StopPoint:BP:HDV098:LOC,2026-09-30T06:00:37.958+02:00,2026-09-30T06:24:40.000+02:00,noReport,RETOUR
2026-10-06T01:45:39.652097+00:00,ILEVIA:Line::M1:LOC,SIRI:390294854,ILEVIA:StopPoint:BP:MHE098:LOC,2026-09-30T06:00:38.455+02:00,2026-09-30T06:18:07.000+02:00,noReport,RETOUR
2026-10-06T01:45:39.652097+00:00,ILEVIA:Line::M1:LOC,SIRI:390294685,ILEVIA:StopPoint:BP:MHE098:LOC,2026-09-30T06:00:38.455+02:00,2026-09-30T06:17:15.000+02:00,noReport,RETOUR
2026-10-06T01:45:39.652097+00:00,ILEVIA:Line::M1:LOC,SIRI:390294853,ILEVIA:StopPoint:BP:MRB098:LOC,2026-09-30T06:00:37.005+02:00,2026-09-30T06:15:33.000+02:00,noReport,RETOUR
2026-10-06T01:45:39.652097+00:00,ILEVIA:Line::M1:LOC,SIRI:390294684,ILEVIA:StopPoint:BP:MRB098:LOC,2026-09-30T06:00:37.005+02:00,2026-09-30T06:14:41.000+02:00,noReport,RETOUR
2026-10-06T01:45:39.652097+00:00,ILEVIA:Line::M1:LOC,SIRI:390294849,ILEVIA:StopPoint:BP:RIH098:LOC,2026-09-30T06:00:40.575+02:00,2026-09-30T06:07:08.000+02:00,noReport,RETOUR
2026-10-06T01:45:39.652097+00:00,ILEVIA:Line::M1:LOC,SIRI:390294680,ILEVIA:StopPoint:BP:RIH098:LOC,2026-09-30T06:00:40.575+02:00,2026-09-30T06:06:16.000+02:00,noReport,RETOUR
2026-10-06T01:45:39.652097+00:00,ILEVIA:Line::M1:LOC,SIRI:390294677,ILEVIA:StopPoint:BP:WAZ098:LOC,2026-09-30T06:00:38.551+02:00,2026-09-30T06:01:16.000+02:00,noReport,RETOUR
2026-10-06T01:45:39.652097+00:00,ILEVIA:Line::M1:LOC,SIRI:390294846,ILEVIA:StopPoint:BP:WAZ098:LOC,2026-09-30T06:00:38.551+02:00,2026-09-30T06:02:08.000+02:00,noReport,RETOUR
2026-10-06T01:45:39.652097+00:00,ILEVIA:Line::M1:LOC,SIRI:390294856,ILEVIA:StopPoint:BP:PDB098:LOC,2026-09-30T06:00:49.112+02:00,2026-09-30T06:22:24.000+02:00,noReport,RETOUR
2026-10-06T01:45:39.652097+00:00,ILEVIA:Line::M1:LOC,SIRI:390294859,ILEVIA:StopPoint:BP:CSC098:LOC,2026-09-30T06:00:44.030+02:00,2026-09-30T06:28:15.000+02:00,noReport,RETOUR
2026-10-06T01:45:39.652097+00:00,ILEVIA:Line::M1:LOC,SIRI:390294851,ILEVIA:StopPoint:BP:CIE098:LOC,2026-09-30T06:00:47.884+02:00,2026-09-30T06:12:25.000+02:00,noReport,RETOUR
2026-10-06T01:45:39.652097+00:00,ILEVIA:Line::M1:LOC,SIRI:390294850,ILEVIA:StopPoint:BP:LIG098:LOC,2026-09-30T06:00:43.971+02:00,2026-09-30T06:08:56.000+02:00,noReport,RETOUR
2026-10-06T01:45:39.652097+00:00,ILEVIA:Line::M1:LOC,SIRI:390294855,ILEVIA:StopPoint:BP:LZN098:LOC,2026-09-30T06:00:48.262+02:00,2026-09-30T06:19:47.000+02:00,noReport,RETOUR
2026-10-06T01:45:39.652097+00:00,ILEVIA:Line::M1:LOC,SIRI:390294858,ILEVIA:StopPoint:BP:TIO098:LOC,2026-09-30T06:00:49.792+02:00,2026-09-30T06:26:43.000+02:00,noReport,RETOUR
2026-10-06T01:45:39.652097+00:00,ILEVIA:Line::RME1:LOC,SIRI:390295543,ILEVIA:StopPoint:BP:CGA198:LOC,2026-09-30T06:53:40.464+02:00,2026-09-30T06:56:03.000+02:00,noReport,RETOUR
2026-10-06T01:45:39.652097+00:00,ILEVIA:Line::RME1:LOC,SIRI:390295542,ILEVIA:StopPoint:BP:WAZ198:LOC,2026-09-30T06:53:38.682+02:00,2026-09-30T06:54:38.000+02:00,noReport,RETOUR
2026-10-06T01:45:39.652097+00:00,ILEVIA:Line::RME1:LOC,SIRI:390295808,ILEVIA:StopPoint:BP:HDV198:LOC,2026-09-30T07:45:21.324+02:00,2026-09-30T07:51:10.000+02:00,noReport,RETOUR
2026-10-06T01:45:39.652097+00:00,ILEVIA:Line::RME1:LOC,SIRI:390296400,ILEVIA:StopPoint:BP:DFI198:LOC,2026-09-30T07:53:17.552+02:00,2026-09-30T08:07:58.000+02:00,noReport,ALLER
2026-10-06T01:45:39.652097+00:00,ILEVIA:Line::RME1:LOC,SIRI:390296405,ILEVIA:StopPoint:BP:WAZ199:LOC,2026-09-30T08:07:43.853+02:00,2026-09-30T08:23:25.000+02:00,noReport,ALLER
2026-10-06T01:45:39.652097+00:00,ILEVIA:Line::RME1:LOC,SIRI:390296404,ILEVIA:StopPoint:BP:CGA199:LOC,2026-09-30T08:07:53.710+02:00,2026-09-30T08:22:03.000+02:00,noReport,ALLER
2026-10-06T08:09:46.802072+00:00,ILEVIA:Line::M1:LOC,SIRI:388450256,ILEVIA:StopPoint:BP:PDB099:LOC,2026-09-20T14:31:42.073+02:00,2026-09-20T14:31:34.000+02:00,onTime,ALLER
2026-10-06T08:09:46.802072+00:00,ILEVIA:Line::M1:LOC,SIRI:388450261,ILEVIA:StopPoint:BP:CIE099:LOC,2026-09-20T14:55:21.269+02:00,2026-09-20T14:56:09.000+02:00,noReport,ALLER
2026-10-06T08:09:46.802072+00:00,ILEVIA:Line::M1:LOC,SIRI:388450264,ILEVIA:StopPoint:BP:REP099:LOC,2026-09-20T15:29:56.632+02:00,2026-09-20T15:32:38.000+02:00,noReport,ALLER
2026-10-06T08:09:46.802072+00:00,ILEVIA:Line::M1:LOC,SIRI:388450263,ILEVIA:StopPoint:BP:RIH099:LOC,2026-09-20T15:29:57.683+02:00,2026-09-20T15:31:14.000+02:00,noReport,ALLER
2026-10-06T08:09:46.802072+00:00,ILEVIA:Line::M1:LOC,SIRI:388450265,ILEVIA:StopPoint:BP:CGA099:LOC,2026-09-20T15:29:56.909+02:00,2026-09-20T15:35:10.000+02:00,noReport,ALLER
2026-10-06T08:09:46.802072+00:00,ILEVIA:Line::M1:LOC,SIRI:390294678,ILEVIA:StopPoint:BP:CGA098:LOC,2026-09-30T06:00:38.615+02:00,2026-09-30T06:02:20.000+02:00,noReport,RETOUR
2026-10-06T08:09:46.802072+00:00,ILEVIA:Line::M1:LOC,SIRI:390294847,ILEVIA:StopPoint:BP:CGA098:LOC,2026-09-30T06:00:38.615+02:00,2026-09-30T06:03:12.000+02:00,noReport,RETOUR
2026-10-06T08:09:46.802072+00:00,ILEVIA:Line::M1:LOC,SIRI:390294860,ILEVIA:StopPoint:BP:4CA098:LOC,2026-09-30T06:00:38.015+02:00,,,RETOUR
2026-10-06T08:09:46.802072+00:00,ILEVIA:Line::M1:LOC,SIRI:390294691,ILEVIA:StopPoint:BP:4CA098:LOC,2026-09-30T06:00:38.015+02:00,,,RETOUR
2026-10-06T08:09:46.802072+00:00,ILEVIA:Line::M1:LOC,SIRI:390294852,ILEVIA:StopPoint:BP:DFI098:LOC,2026-09-30T06:00:36.878+02:00,2026-09-30T06:13:46.000+02:00,noReport,RETOUR
2026-10-06T08:09:46.802072+00:00,ILEVIA:Line::M1:LOC,SIRI:390294683,ILEVIA:StopPoint:BP:DFI098:LOC,2026-09-30T06:00:36.878+02:00,2026-09-30T06:12:54.000+02:00,noReport,RETOUR
2026-10-06T08:09:46.802072+00:00,ILEVIA:Line::M1:LOC,SIRI:390294848,ILEVIA:StopPoint:BP:REP098:LOC,2026-09-30T06:00:37.602+02:00,2026-09-30T06:05:44.000+02:00,noReport,RETOUR
2026-10-06T08:09:46.802072+00:00,ILEVIA:Line::M1:LOC,SIRI:390294679,ILEVIA:StopPoint:BP:REP098:LOC,2026-09-30T06:00:37.602+02:00,2026-09-30T06:04:52.000+02:00,noReport,RETOUR
2026-10-06T08:09:46.802072+00:00,ILEVIA:Line::M1:LOC,SIRI:390294688,ILEVIA:StopPoint:BP:HDV098:LOC,2026-09-30T06:00:37.958+02:00,2026-09-30T06:23:48.000+02:00,noReport,RETOUR
2026-10-06T08:09:46.802072+00:00,ILEVIA:Line::M1:LOC,SIRI:390294857,ILEVIA:StopPoint:BP:HDV098:LOC,2026-09-30T06:00:37.958+02:00,2026-09-30T06:24:40.000+02:00,noReport,RETOUR
2026-10-06T08:09:46.802072+00:00,ILEVIA:Line::M1:LOC,SIRI:390294854,ILEVIA:StopPoint:BP:MHE098:LOC,2026-09-30T06:00:38.455+02:00,2026-09-30T06:18:07.000+02:00,noReport,RETOUR
2026-10-06T08:09:46.802072+00:00,ILEVIA:Line::M1:LOC,SIRI:390294685,ILEVIA:StopPoint:BP:MHE098:LOC,2026-09-30T06:00:38.455+02:00,2026-09-30T06:17:15.000+02:00,noReport,RETOUR
2026-10-06T08:09:46.802072+00:00,ILEVIA:Line::M1:LOC,SIRI:390294853,ILEVIA:StopPoint:BP:MRB098:LOC,2026-09-30T06:00:37.005+02:00,2026-09-30T06:15:33.000+02:00,noReport,RETOUR
2026-10-06T08:09:46.802072+00:00,ILEVIA:Line::M1:LOC,SIRI:390294684,ILEVIA:StopPoint:BP:MRB098:LOC,2026-09-30T06:00:37.005+02:00,2026-09-30T06:14:41.000+02:00,noReport,RETOUR
2026-10-06T08:09:46.802072+00:00,ILEVIA:Line::M1:LOC,SIRI:390294849,ILEVIA:StopPoint:BP:RIH098:LOC,2026-09-30T06:00:40.575+02:00,2026-09-30T06:07:08.000+02:00,noReport,RETOUR
2026-10-06T08:09:46.802072+00:00,ILEVIA:Line::M1:LOC,SIRI:390294680,ILEVIA:StopPoint:BP:RIH098:LOC,2026-09-30T06:00:40.575+02:00,2026-09-30T06:06:16.000+02:00,noReport,RETOUR
2026-10-06T08:09:46.802072+00:00,ILEVIA:Line::M1:LOC,SIRI:390294677,ILEVIA:StopPoint:BP:WAZ098:LOC,2026-09-30T06:00:38.551+02:00,2026-09-30T06:01:16.000+02:00,noReport,RETOUR
2026-10-06T08:09:46.802072+00:00,ILEVIA:Line::M1:LOC,SIRI:390294846,ILEVIA:StopPoint:BP:WAZ098:LOC,2026-09-30T06:00:38.551+02:00,2026-09-30T06:02:08.000+02:00,noReport,RETOUR
2026-10-06T08:09:46.802072+00:00,ILEVIA:Line::M1:LOC,SIRI:390294856,ILEVIA:StopPoint:BP:PDB098:LOC,2026-09-30T06:00:49.112+02:00,2026-09-30T06:22:24.000+02:00,noReport,RETOUR
2026-10-06T08:09:46.802072+00:00,ILEVIA:Line::M1:LOC,SIRI:390294859,ILEVIA:StopPoint:BP:CSC098:LOC,2026-09-30T06:00:44.030+02:00,2026-09-30T06:28:15.000+02:00,noReport,RETOUR
2026-10-06T08:09:46.802072+00:00,ILEVIA:Line::M1:LOC,SIRI:390294851,ILEVIA:StopPoint:BP:CIE098:LOC,2026-09-30T06:00:47.884+02:00,2026-09-30T06:12:25.000+02:00,noReport,RETOUR
2026-10-06T08:09:46.802072+00:00,ILEVIA:Line::M1:LOC,SIRI:390294850,ILEVIA:StopPoint:BP:LIG098:LOC,2026-09-30T06:00:43.971+02:00,2026-09-30T06:08:56.000+02:00,noReport,RETOUR
2026-10-06T08:09:46.802072+00:00,ILEVIA:Line::M1:LOC,SIRI:390294855,ILEVIA:StopPoint:BP:LZN098:LOC,2026-09-30T06:00:48.262+02:00,2026-09-30T06:19:47.000+02:00,noReport,RETOUR
2026-10-06T08:09:46.802072+00:00,ILEVIA:Line::M1:LOC,SIRI:390294858,ILEVIA:StopPoint:BP:TIO098:LOC,2026-09-30T06:00:49.792+02:00,2026-09-30T06:26:43.000+02:00,noReport,RETOUR
2026-10-06T08:09:46.802072+00:00,ILEVIA:Line::RME1:LOC,SIRI:390295543,ILEVIA:StopPoint:BP:CGA198:LOC,2026-09-30T06:53:40.464+02:00,2026-09-30T06:56:03.000+02:00,noReport,RETOUR
2026-10-06T08:09:46.802072+00:00,ILEVIA:Line::RME1:LOC,SIRI:390295542,ILEVIA:StopPoint:BP:WAZ198:LOC,2026-09-30T06:53:38.682+02:00,2026-09-30T06:54:38.000+02:00,noReport,RETOUR
2026-10-06T08:09:46.802072+00:00,ILEVIA:Line::RME1:LOC,SIRI:390295808,ILEVIA:StopPoint:BP:HDV198:LOC,2026-09-30T07:45:21.324+02:00,2026-09-30T07:51:10.000+02:00,noReport,RETOUR
2026-10-06T08:09:46.802072+00:00,ILEVIA:Line::RME1:LOC,SIRI:390296400,ILEVIA:StopPoint:BP:DFI198:LOC,2026-09-30T07:53:17.552+02:00,2026-09-30T08:07:58.000+02:00,noReport,ALLER
2026-10-06T08:09:46.802072+00:00,ILEVIA:Line::RME1:LOC,SIRI:390296405,ILEVIA:StopPoint:BP:WAZ199:LOC,2026-09-30T08:07:43.853+02:00,2026-09-30T08:23:25.000+02:00,noReport,ALLER
2026-10-06T08:09:46.802072+00:00,ILEVIA:Line::RME1:LOC,SIRI:390296404,ILEVIA:StopPoint:BP:CGA199:LOC,2026-09-30T08:07:53.710+02:00,2026-09-30T08:22:03.000+02:00,noReport,ALLER
2026-10-06T15:05:58.710380+00:00,ILEVIA:Line::M1:LOC,SIRI:388450256,ILEVIA:StopPoint:BP:PDB099:LOC,2026-09-20T14:31:42.073+02:00,2026-09-20T14:31:34.000+02:00,onTime,ALLER
2026-10-06T15:05:58.710380+00:00,ILEVIA:Line::M1:LOC,SIRI:388450261,ILEVIA:StopPoint:BP:CIE099:LOC,2026-09-20T14:55:21.269+02:00,2026-09-20T14:56:09.000+02:00,noReport,ALLER
2026-10-06T15:05:58.710380+00:00,ILEVIA:Line::M1:LOC,SIRI:388450264,ILEVIA:StopPoint:BP:REP099:LOC,2026-09-20T15:29:56.632+02:00,2026-09-20T15:32:38.000+02:00,noReport,ALLER
2026-10-06T15:05:58.710380+00:00,ILEVIA:Line::M1:LOC,SIRI:388450263,ILEVIA:StopPoint:BP:RIH099:LOC,2026-09-20T15:29:57.683+02:00,2026-09-20T15:31:14.000+02:00,noReport,ALLER
2026-10-06T15:05:58.710380+00:00,ILEVIA:Line::M1:LOC,SIRI:388450265,ILEVIA:StopPoint:BP:CGA099:LOC,2026-09-20T15:29:56.909+02:00,2026-09-20T15:35:10.000+02:00,noReport,ALLER
2026-10-06T15:05:58.710380+00:00,ILEVIA:Line::M1:LOC,SIRI:390294678,ILEVIA:StopPoint:BP:CGA098:LOC,2026-09-30T06:00:38.615+02:00,2026-09-30T06:02:20.000+02:00,noReport,RETOUR
2026-10-06T15:05:58.710380+00:00,ILEVIA:Line::M1:LOC,SIRI:390294847,ILEVIA:StopPoint:BP:CGA098:LOC,2026-09-30T06:00:38.615+02:00,2026-09-30T06:03:12.000+02:00,noReport,RETOUR
2026-10-06T15:05:58.710380+00:00,ILEVIA:Line::M1:LOC,SIRI:390294860,ILEVIA:StopPoint:BP:4CA098:LOC,2026-09-30T06:00:38.015+02:00,,,RETOUR
2026-10-06T15:05:58.710380+00:00,ILEVIA:Line::M1:LOC,SIRI:390294691,ILEVIA:StopPoint:BP:4CA098:LOC,2026-09-30T06:00:38.015+02:00,,,RETOUR
2026-10-06T15:05:58.710380+00:00,ILEVIA:Line::M1:LOC,SIRI:390294852,ILEVIA:StopPoint:BP:DFI098:LOC,2026-09-30T06:00:36.878+02:00,2026-09-30T06:13:46.000+02:00,noReport,RETOUR
2026-10-06T15:05:58.710380+00:00,ILEVIA:Line::M1:LOC,SIRI:390294683,ILEVIA:StopPoint:BP:DFI098:LOC,2026-09-30T06:00:36.878+02:00,2026-09-30T06:12:54.000+02:00,noReport,RETOUR
2026-10-06T15:05:58.710380+00:00,ILEVIA:Line::M1:LOC,SIRI:390294848,ILEVIA:StopPoint:BP:REP098:LOC,2026-09-30T06:00:37.602+02:00,2026-09-30T06:05:44.000+02:00,noReport,RETOUR
2026-10-06T15:05:58.710380+00:00,ILEVIA:Line::M1:LOC,SIRI:390294679,ILEVIA:StopPoint:BP:REP098:LOC,2026-09-30T06:00:37.602+02:00,2026-09-30T06:04:52.000+02:00,noReport,RETOUR
2026-10-06T15:05:58.710380+00:00,ILEVIA:Line::M1:LOC,SIRI:390294688,ILEVIA:StopPoint:BP:HDV098:LOC,2026-09-30T06:00:37.958+02:00,2026-09-30T06:23:48.000+02:00,noReport,RETOUR
2026-10-06T15:05:58.710380+00:00,ILEVIA:Line::M1:LOC,SIRI:390294857,ILEVIA:StopPoint:BP:HDV098:LOC,2026-09-30T06:00:37.958+02:00,2026-09-30T06:24:40.000+02:00,noReport,RETOUR
2026-10-06T15:05:58.710380+00:00,ILEVIA:Line::M1:LOC,SIRI:390294854,ILEVIA:StopPoint:BP:MHE098:LOC,2026-09-30T06:00:38.455+02:00,2026-09-30T06:18:07.000+02:00,noReport,RETOUR
2026-10-06T15:05:58.710380+00:00,ILEVIA:Line::M1:LOC,SIRI:390294685,ILEVIA:StopPoint:BP:MHE098:LOC,2026-09-30T06:00:38.455+02:00,2026-09-30T06:17:15.000+02:00,noReport,RETOUR
2026-10-06T15:05:58.710380+00:00,ILEVIA:Line::M1:LOC,SIRI:390294853,ILEVIA:StopPoint:BP:MRB098:LOC,2026-09-30T06:00:37.005+02:00,2026-09-30T06:15:33.000+02:00,noReport,RETOUR
2026-10-06T15:05:58.710380+00:00,ILEVIA:Line::M1:LOC,SIRI:390294684,ILEVIA:StopPoint:BP:MRB098:LOC,2026-09-30T06:00:37.005+02:00,2026-09-30T06:14:41.000+02:00,noReport,RETOUR
2026-10-06T15:05:58.710380+00:00,ILEVIA:Line::M1:LOC,SIRI:390294849,ILEVIA:StopPoint:BP:RIH098:LOC,2026-09-30T06:00:40.575+02:00,2026-09-30T06:07:08.000+02:00,noReport,RETOUR
2026-10-06T15:05:58.710380+00:00,ILEVIA:Line::M1:LOC,SIRI:390294680,ILEVIA:StopPoint:BP:RIH098:LOC,2026-09-30T06:00:40.575+02:00,2026-09-30T06:06:16.000+02:00,noReport,RETOUR
2026-10-06T15:05:58.710380+00:00,ILEVIA:Line::M1:LOC,SIRI:390294677,ILEVIA:StopPoint:BP:WAZ098:LOC,2026-09-30T06:00:38.551+02:00,2026-09-30T06:01:16.000+02:00,noReport,RETOUR
2026-10-06T15:05:58.710380+00:00,ILEVIA:Line::M1:LOC,SIRI:390294846,ILEVIA:StopPoint:BP:WAZ098:LOC,2026-09-30T06:00:38.551+02:00,2026-09-30T06:02:08.000+02:00,noReport,RETOUR
2026-10-06T15:05:58.710380+00:00,ILEVIA:Line::M1:LOC,SIRI:390294856,ILEVIA:StopPoint:BP:PDB098:LOC,2026-09-30T06:00:49.112+02:00,2026-09-30T06:22:24.000+02:00,noReport,RETOUR
2026-10-06T15:05:58.710380+00:00,ILEVIA:Line::M1:LOC,SIRI:390294859,ILEVIA:StopPoint:BP:CSC098:LOC,2026-09-30T06:00:44.030+02:00,2026-09-30T06:28:15.000+02:00,noReport,RETOUR
2026-10-06T15:05:58.710380+00:00,ILEVIA:Line::M1:LOC,SIRI:390294851,ILEVIA:StopPoint:BP:CIE098:LOC,2026-09-30T06:00:47.884+02:00,2026-09-30T06:12:25.000+02:00,noReport,RETOUR
2026-10-06T15:05:58.710380+00:00,ILEVIA:Line::M1:LOC,SIRI:390294850,ILEVIA:StopPoint:BP:LIG098:LOC,2026-09-30T06:00:43.971+02:00,2026-09-30T06:08:56.000+02:00,noReport,RETOUR
2026-10-06T15:05:58.710380+00:00,ILEVIA:Line::M1:LOC,SIRI:390294855,ILEVIA:StopPoint:BP:LZN098:LOC,2026-09-30T06:00:48.262+02:00,2026-09-30T06:19:47.000+02:00,noReport,RETOUR
2026-10-06T15:05:58.710380+00:00,ILEVIA:Line::M1:LOC,SIRI:390294858,ILEVIA:StopPoint:BP:TIO098:LOC,2026-09-30T06:00:49.792+02:00,2026-09-30T06:26:43.000+02:00,noReport,RETOUR
2026-10-06T15:05:58.710380+00:00,ILEVIA:Line::RME1:LOC,SIRI:390295543,ILEVIA:StopPoint:BP:CGA198:LOC,2026-09-30T06:53:40.464+02:00,2026-09-30T06:56:03.000+02:00,noReport,RETOUR
2026-10-06T15:05:58.710380+00:00,ILEVIA:Line::RME1:LOC,SIRI:390295542,ILEVIA:StopPoint:BP:WAZ198:LOC,2026-09-30T06:53:38.682+02:00,2026-09-30T06:54:38.000+02:00,noReport,RETOUR
2026-10-06T15:05:58.710380+00:00,ILEVIA:Line::RME1:LOC,SIRI:390295808,ILEVIA:StopPoint:BP:HDV198:LOC,2026-09-30T07:45:21.324+02:00,2026-09-30T07:51:10.000+02:00,noReport,RETOUR
2026-10-06T15:05:58.710380+00:00,ILEVIA:Line::RME1:LOC,SIRI:390296400,ILEVIA:StopPoint:BP:DFI198:LOC,2026-09-30T07:53:17.552+02:00,2026-09-30T08:07:58.000+02:00,noReport,ALLER
2026-10-06T15:05:58.710380+00:00,ILEVIA:Line::RME1:LOC,SIRI:390296405,ILEVIA:StopPoint:BP:WAZ199:LOC,2026-09-30T08:07:43.853+02:00,2026-09-30T08:23:25.000+02:00,noReport,ALLER
2026-10-06T15:05:58.710380+00:00,ILEVIA:Line::RME1:LOC,SIRI:390296404,ILEVIA:StopPoint:BP:CGA199:LOC,2026-09-30T08:07:53.710+02:00,2026-09-30T08:22:03.000+02:00,noReport,ALLER
2026-10-06T20:11:30.713771+00:00,ILEVIA:Line::M1:LOC,SIRI:388450256,ILEVIA:StopPoint:BP:PDB099:LOC,2026-09-20T14:31:42.073+02:00,2026-09-20T14:31:34.000+02:00,onTime,ALLER
2026-10-06T20:11:30.713771+00:00,ILEVIA:Line::M1:LOC,SIRI:388450261,ILEVIA:StopPoint:BP:CIE099:LOC,2026-09-20T14:55:21.269+02:00,2026-09-20T14:56:09.000+02:00,noReport,ALLER
2026-10-06T20:11:30.713771+00:00,ILEVIA:Line::M1:LOC,SIRI:388450264,ILEVIA:StopPoint:BP:REP099:LOC,2026-09-20T15:29:56.632+02:00,2026-09-20T15:32:38.000+02:00,noReport,ALLER
2026-10-06T20:11:30.713771+00:00,ILEVIA:Line::M1:LOC,SIRI:388450263,ILEVIA:StopPoint:BP:RIH099:LOC,2026-09-20T15:29:57.683+02:00,2026-09-20T15:31:14.000+02:00,noReport,ALLER
2026-10-06T20:11:30.713771+00:00,ILEVIA:Line::M1:LOC,SIRI:388450265,ILEVIA:StopPoint:BP:CGA099:LOC,2026-09-20T15:29:56.909+02:00,2026-09-20T15:35:10.000+02:00,noReport,ALLER
2026-10-06T20:11:30.713771+00:00,ILEVIA:Line::M1:LOC,SIRI:390294678,ILEVIA:StopPoint:BP:CGA098:LOC,2026-09-30T06:00:38.615+02:00,2026-09-30T06:02:20.000+02:00,noReport,RETOUR
2026-10-06T20:11:30.713771+00:00,ILEVIA:Line::M1:LOC,SIRI:390294847,ILEVIA:StopPoint:BP:CGA098:LOC,2026-09-30T06:00:38.615+02:00,2026-09-30T06:03:12.000+02:00,noReport,RETOUR
2026-10-06T20:11:30.713771+00:00,ILEVIA:Line::M1:LOC,SIRI:390294860,ILEVIA:StopPoint:BP:4CA098:LOC,2026-09-30T06:00:38.015+02:00,,,RETOUR
2026-10-06T20:11:30.713771+00:00,ILEVIA:Line::M1:LOC,SIRI:390294691,ILEVIA:StopPoint:BP:4CA098:LOC,2026-09-30T06:00:38.015+02:00,,,RETOUR
2026-10-06T20:11:30.713771+00:00,ILEVIA:Line::M1:LOC,SIRI:390294852,ILEVIA:StopPoint:BP:DFI098:LOC,2026-09-30T06:00:36.878+02:00,2026-09-30T06:13:46.000+02:00,noReport,RETOUR
2026-10-06T20:11:30.713771+00:00,ILEVIA:Line::M1:LOC,SIRI:390294683,ILEVIA:StopPoint:BP:DFI098:LOC,2026-09-30T06:00:36.878+02:00,2026-09-30T06:12:54.000+02:00,noReport,RETOUR
2026-10-06T20:11:30.713771+00:00,ILEVIA:Line::M1:LOC,SIRI:390294848,ILEVIA:StopPoint:BP:REP098:LOC,2026-09-30T06:00:37.602+02:00,2026-09-30T06:05:44.000+02:00,noReport,RETOUR
2026-10-06T20:11:30.713771+00:00,ILEVIA:Line::M1:LOC,SIRI:390294679,ILEVIA:StopPoint:BP:REP098:LOC,2026-09-30T06:00:37.602+02:00,2026-09-30T06:04:52.000+02:00,noReport,RETOUR
2026-10-06T20:11:30.713771+00:00,ILEVIA:Line::M1:LOC,SIRI:390294688,ILEVIA:StopPoint:BP:HDV098:LOC,2026-09-30T06:00:37.958+02:00,2026-09-30T06:23:48.000+02:00,noReport,RETOUR
2026-10-06T20:11:30.713771+00:00,ILEVIA:Line::M1:LOC,SIRI:390294857,ILEVIA:StopPoint:BP:HDV098:LOC,2026-09-30T06:00:37.958+02:00,2026-09-30T06:24:40.000+02:00,noReport,RETOUR
2026-10-06T20:11:30.713771+00:00,ILEVIA:Line::M1:LOC,SIRI:390294854,ILEVIA:StopPoint:BP:MHE098:LOC,2026-09-30T06:00:38.455+02:00,2026-09-30T06:18:07.000+02:00,noReport,RETOUR
2026-10-06T20:11:30.713771+00:00,ILEVIA:Line::M1:LOC,SIRI:390294685,ILEVIA:StopPoint:BP:MHE098:LOC,2026-09-30T06:00:38.455+02:00,2026-09-30T06:17:15.000+02:00,noReport,RETOUR
2026-10-06T20:11:30.713771+00:00,ILEVIA:Line::M1:LOC,SIRI:390294853,ILEVIA:StopPoint:BP:MRB098:LOC,2026-09-30T06:00:37.005+02:00,2026-09-30T06:15:33.000+02:00,noReport,RETOUR
2026-10-06T20:11:30.713771+00:00,ILEVIA:Line::M1:LOC,SIRI:390294684,ILEVIA:StopPoint:BP:MRB098:LOC,2026-09-30T06:00:37.005+02:00,2026-09-30T06:14:41.000+02:00,noReport,RETOUR
2026-10-06T20:11:30.713771+00:00,ILEVIA:Line::M1:LOC,SIRI:390294849,ILEVIA:StopPoint:BP:RIH098:LOC,2026-09-30T06:00:40.575+02:00,2026-09-30T06:07:08.000+02:00,noReport,RETOUR
2026-10-06T20:11:30.713771+00:00,ILEVIA:Line::M1:LOC,SIRI:390294680,ILEVIA:StopPoint:BP:RIH098:LOC,2026-09-30T06:00:40.575+02:00,2026-09-30T06:06:16.000+02:00,noReport,RETOUR
2026-10-06T20:11:30.713771+00:00,ILEVIA:Line::M1:LOC,SIRI:390294677,ILEVIA:StopPoint:BP:WAZ098:LOC,2026-09-30T06:00:38.551+02:00,2026-09-30T06:01:16.000+02:00,noReport,RETOUR
2026-10-06T20:11:30.713771+00:00,ILEVIA:Line::M1:LOC,SIRI:390294846,ILEVIA:StopPoint:BP:WAZ098:LOC,2026-09-30T06:00:38.551+02:00,2026-09-30T06:02:08.000+02:00,noReport,RETOUR
2026-10-06T20:11:30.713771+00:00,ILEVIA:Line::M1:LOC,SIRI:390294856,ILEVIA:StopPoint:BP:PDB098:LOC,2026-09-30T06:00:49.112+02:00,2026-09-30T06:22:24.000+02:00,noReport,RETOUR
2026-10-06T20:11:30.713771+00:00,ILEVIA:Line::M1:LOC,SIRI:390294859,ILEVIA:StopPoint:BP:CSC098:LOC,2026-09-30T06:00:44.030+02:00,2026-09-30T06:28:15.000+02:00,noReport,RETOUR
2026-10-06T20:11:30.713771+00:00,ILEVIA:Line::M1:LOC,SIRI:390294851,ILEVIA:StopPoint:BP:CIE098:LOC,2026-09-30T06:00:47.884+02:00,2026-09-30T06:12:25.000+02:00,noReport,RETOUR
2026-10-06T20:11:30.713771+00:00,ILEVIA:Line::M1:LOC,SIRI:390294850,ILEVIA:StopPoint:BP:LIG098:LOC,2026-09-30T06:00:43.971+02:00,2026-09-30T06:08:56.000+02:00,noReport,RETOUR
2026-10-06T20:11:30.713771+00:00,ILEVIA:Line::M1:LOC,SIRI:390294855,ILEVIA:StopPoint:BP:LZN098:LOC,2026-09-30T06:00:48.262+02:00,2026-09-30T06:19:47.000+02:00,noReport,RETOUR
2026-10-06T20:11:30.713771+00:00,ILEVIA:Line::M1:LOC,SIRI:390294858,ILEVIA:StopPoint:BP:TIO098:LOC,2026-09-30T06:00:49.792+02:00,2026-09-30T06:26:43.000+02:00,noReport,RETOUR
2026-10-06T20:11:30.713771+00:00,ILEVIA:Line::RME1:LOC,SIRI:390295543,ILEVIA:StopPoint:BP:CGA198:LOC,2026-09-30T06:53:40.464+02:00,2026-09-30T06:56:03.000+02:00,noReport,RETOUR
2026-10-06T20:11:30.713771+00:00,ILEVIA:Line::RME1:LOC,SIRI:390295542,ILEVIA:StopPoint:BP:WAZ198:LOC,2026-09-30T06:53:38.682+02:00,2026-09-30T06:54:38.000+02:00,noReport,RETOUR
2026-10-06T20:11:30.713771+00:00,ILEVIA:Line::RME1:LOC,SIRI:390295808,ILEVIA:StopPoint:BP:HDV198:LOC,2026-09-30T07:45:21.324+02:00,2026-09-30T07:51:10.000+02:00,noReport,RETOUR
2026-10-06T20:11:30.713771+00:00,ILEVIA:Line::RME1:LOC,SIRI:390296400,ILEVIA:StopPoint:BP:DFI198:LOC,2026-09-30T07:53:17.552+02:00,2026-09-30T08:07:58.000+02:00,noReport,ALLER
2026-10-06T20:11:30.713771+00:00,ILEVIA:Line::RME1:LOC,SIRI:390296405,ILEVIA:StopPoint:BP:WAZ199:LOC,2026-09-30T08:07:43.853+02:00,2026-09-30T08:23:25.000+02:00,noReport,ALLER
2026-10-06T20:11:30.713771+00:00,ILEVIA:Line::RME1:LOC,SIRI:390296404,ILEVIA:StopPoint:BP:CGA199:LOC,2026-09-30T08:07:53.710+02:00,2026-09-30T08:22:03.000+02:00,noReport,ALLER
2026-10-06T23:47:12.889526+00:00,ILEVIA:Line::M1:LOC,SIRI:388450256,ILEVIA:StopPoint:BP:PDB099:LOC,2026-09-20T14:31:42.073+02:00,2026-09-20T14:31:34.000+02:00,onTime,ALLER
2026-10-06T23:47:12.889526+00:00,ILEVIA:Line::M1:LOC,SIRI:388450261,ILEVIA:StopPoint:BP:CIE099:LOC,2026-09-20T14:55:21.269+02:00,2026-09-20T14:56:09.000+02:00,noReport,ALLER
2026-10-06T23:47:12.889526+00:00,ILEVIA:Line::M1:LOC,SIRI:388450264,ILEVIA:StopPoint:BP:REP099:LOC,2026-09-20T15:29:56.632+02:00,2026-09-20T15:32:38.000+02:00,noReport,ALLER
2026-10-06T23:47:12.889526+00:00,ILEVIA:Line::M1:LOC,SIRI:388450263,ILEVIA:StopPoint:BP:RIH099:LOC,2026-09-20T15:29:57.683+02:00,2026-09-20T15:31:14.000+02:00,noReport,ALLER
2026-10-06T23:47:12.889526+00:00,ILEVIA:Line::M1:LOC,SIRI:388450265,ILEVIA:StopPoint:BP:CGA099:LOC,2026-09-20T15:29:56.909+02:00,2026-09-20T15:35:10.000+02:00,noReport,ALLER
2026-10-06T23:47:12.889526+00:00,ILEVIA:Line::M1:LOC,SIRI:390294678,ILEVIA:StopPoint:BP:CGA098:LOC,2026-09-30T06:00:38.615+02:00,2026-09-30T06:02:20.000+02:00,noReport,RETOUR
2026-10-06T23:47:12.889526+00:00,ILEVIA:Line::M1:LOC,SIRI:390294847,ILEVIA:StopPoint:BP:CGA098:LOC,2026-09-30T06:00:38.615+02:00,2026-09-30T06:03:12.000+02:00,noReport,RETOUR
2026-10-06T23:47:12.889526+00:00,ILEVIA:Line::M1:LOC,SIRI:390294860,ILEVIA:StopPoint:BP:4CA098:LOC,2026-09-30T06:00:38.015+02:00,,,RETOUR
2026-10-06T23:47:12.889526+00:00,ILEVIA:Line::M1:LOC,SIRI:390294691,ILEVIA:StopPoint:BP:4CA098:LOC,2026-09-30T06:00:38.015+02:00,,,RETOUR
2026-10-06T23:47:12.889526+00:00,ILEVIA:Line::M1:LOC,SIRI:390294852,ILEVIA:StopPoint:BP:DFI098:LOC,2026-09-30T06:00:36.878+02:00,2026-09-30T06:13:46.000+02:00,noReport,RETOUR
2026-10-06T23:47:12.889526+00:00,ILEVIA:Line::M1:LOC,SIRI:390294683,ILEVIA:StopPoint:BP:DFI098:LOC,2026-09-30T06:00:36.878+02:00,2026-09-30T06:12:54.000+02:00,noReport,RETOUR
2026-10-06T23:47:12.889526+00:00,ILEVIA:Line::M1:LOC,SIRI:390294848,ILEVIA:StopPoint:BP:REP098:LOC,2026-09-30T06:00:37.602+02:00,2026-09-30T06:05:44.000+02:00,noReport,RETOUR
2026-10-06T23:47:12.889526+00:00,ILEVIA:Line::M1:LOC,SIRI:390294679,ILEVIA:StopPoint:BP:REP098:LOC,2026-09-30T06:00:37.602+02:00,2026-09-30T06:04:52.000+02:00,noReport,RETOUR
2026-10-06T23:47:12.889526+00:00,ILEVIA:Line::M1:LOC,SIRI:390294688,ILEVIA:StopPoint:BP:HDV098:LOC,2026-09-30T06:00:37.958+02:00,2026-09-30T06:23:48.000+02:00,noReport,RETOUR
2026-10-06T23:47:12.889526+00:00,ILEVIA:Line::M1:LOC,SIRI:390294857,ILEVIA:StopPoint:BP:HDV098:LOC,2026-09-30T06:00:37.958+02:00,2026-09-30T06:24:40.000+02:00,noReport,RETOUR
2026-10-06T23:47:12.889526+00:00,ILEVIA:Line::M1:LOC,SIRI:390294854,ILEVIA:StopPoint:BP:MHE098:LOC,2026-09-30T06:00:38.455+02:00,2026-09-30T06:18:07.000+02:00,noReport,RETOUR
2026-10-06T23:47:12.889526+00:00,ILEVIA:Line::M1:LOC,SIRI:390294685,ILEVIA:StopPoint:BP:MHE098:LOC,2026-09-30T06:00:38.455+02:00,2026-09-30T06:17:15.000+02:00,noReport,RETOUR
2026-10-06T23:47:12.889526+00:00,ILEVIA:Line::M1:LOC,SIRI:390294853,ILEVIA:StopPoint:BP:MRB098:LOC,2026-09-30T06:00:37.005+02:00,2026-09-30T06:15:33.000+02:00,noReport,RETOUR
2026-10-06T23:47:12.889526+00:00,ILEVIA:Line::M1:LOC,SIRI:390294684,ILEVIA:StopPoint:BP:MRB098:LOC,2026-09-30T06:00:37.005+02:00,2026-09-30T06:14:41.000+02:00,noReport,RETOUR
2026-10-06T23:47:12.889526+00:00,ILEVIA:Line::M1:LOC,SIRI:390294849,ILEVIA:StopPoint:BP:RIH098:LOC,2026-09-30T06:00:40.575+02:00,2026-09-30T06:07:08.000+02:00,noReport,RETOUR
2026-10-06T23:47:12.889526+00:00,ILEVIA:Line::M1:LOC,SIRI:390294680,ILEVIA:StopPoint:BP:RIH098:LOC,2026-09-30T06:00:40.575+02:00,2026-09-30T06:06:16.000+02:00,noReport,RETOUR
2026-10-06T23:47:12.889526+00:00,ILEVIA:Line::M1:LOC,SIRI:390294677,ILEVIA:StopPoint:BP:WAZ098:LOC,2026-09-30T06:00:38.551+02:00,2026-09-30T06:01:16.000+02:00,noReport,RETOUR
2026-10-06T23:47:12.889526+00:00,ILEVIA:Line::M1:LOC,SIRI:390294846,ILEVIA:StopPoint:BP:WAZ098:LOC,2026-09-30T06:00:38.551+02:00,2026-09-30T06:02:08.000+02:00,noReport,RETOUR
2026-10-06T23:47:12.889526+00:00,ILEVIA:Line::M1:LOC,SIRI:390294856,ILEVIA:StopPoint:BP:PDB098:LOC,2026-09-30T06:00:49.112+02:00,2026-09-30T06:22:24.000+02:00,noReport,RETOUR
2026-10-06T23:47:12.889526+00:00,ILEVIA:Line::M1:LOC,SIRI:390294859,ILEVIA:StopPoint:BP:CSC098:LOC,2026-09-30T06:00:44.030+02:00,2026-09-30T06:28:15.000+02:00,noReport,RETOUR
2026-10-06T23:47:12.889526+00:00,ILEVIA:Line::M1:LOC,SIRI:390294851,ILEVIA:StopPoint:BP:CIE098:LOC,2026-09-30T06:00:47.884+02:00,2026-09-30T06:12:25.000+02:00,noReport,RETOUR
2026-10-06T23:47:12.889526+00:00,ILEVIA:Line::M1:LOC,SIRI:390294850,ILEVIA:StopPoint:BP:LIG098:LOC,2026-09-30T06:00:43.971+02:00,2026-09-30T06:08:56.000+02:00,noReport,RETOUR
2026-10-06T23:47:12.889526+00:00,ILEVIA:Line::M1:LOC,SIRI:390294855,ILEVIA:StopPoint:BP:LZN098:LOC,2026-09-30T06:00:48.262+02:00,2026-09-30T06:19:47.000+02:00,noReport,RETOUR
2026-10-06T23:47:12.889526+00:00,ILEVIA:Line::M1:LOC,SIRI:390294858,ILEVIA:StopPoint:BP:TIO098:LOC,2026-09-30T06:00:49.792+02:00,2026-09-30T06:26:43.000+02:00,noReport,RETOUR
2026-10-06T23:47:12.889526+00:00,ILEVIA:Line::RME1:LOC,SIRI:390295543,ILEVIA:StopPoint:BP:CGA198:LOC,2026-09-30T06:53:40.464+02:00,2026-09-30T06:56:03.000+02:00,noReport,RETOUR
2026-10-06T23:47:12.889526+00:00,ILEVIA:Line::RME1:LOC,SIRI:390295542,ILEVIA:StopPoint:BP:WAZ198:LOC,2026-09-30T06:53:38.682+02:00,2026-09-30T06:54:38.000+02:00,noReport,RETOUR
2026-10-06T23:47:12.889526+00:00,ILEVIA:Line::RME1:LOC,SIRI:390295808,ILEVIA:StopPoint:BP:HDV198:LOC,2026-09-30T07:45:21.324+02:00,2026-09-30T07:51:10.000+02:00,noReport,RETOUR
2026-10-06T23:47:12.889526+00:00,ILEVIA:Line::RME1:LOC,SIRI:390296400,ILEVIA:StopPoint:BP:DFI198:LOC,2026-09-30T07:53:17.552+02:00,2026-09-30T08:07:58.000+02:00,noReport,ALLER
2026-10-06T23:47:12.889526+00:00,ILEVIA:Line::RME1:LOC,SIRI:390296405,ILEVIA:StopPoint:BP:WAZ199:LOC,2026-09-30T08:07:43.853+02:00,2026-09-30T08:23:25.000+02:00,noReport,ALLER
2026-10-06T23:47:12.889526+00:00,ILEVIA:Line::RME1:LOC,SIRI:390296404,ILEVIA:StopPoint:BP:CGA199:LOC,2026-09-30T08:07:53.710+02:00,2026-09-30T08:22:03.000+02:00,noReport,ALLER
2026-10-07T02:43:03.542541+00:00,ILEVIA:Line::M1:LOC,SIRI:388450256,ILEVIA:StopPoint:BP:PDB099:LOC,2026-09-20T14:31:42.073+02:00,2026-09-20T14:31:34.000+02:00,onTime,ALLER
2026-10-07T02:43:03.542541+00:00,ILEVIA:Line::M1:LOC,SIRI:388450261,ILEVIA:StopPoint:BP:CIE099:LOC,2026-09-20T14:55:21.269+02:00,2026-09-20T14:56:09.000+02:00,noReport,ALLER
2026-10-07T02:43:03.542541+00:00,ILEVIA:Line::M1:LOC,SIRI:388450264,ILEVIA:StopPoint:BP:REP099:LOC,2026-09-20T15:29:56.632+02:00,2026-09-20T15:32:38.000+02:00,noReport,ALLER
2026-10-07T02:43:03.542541+00:00,ILEVIA:Line::M1:LOC,SIRI:388450263,ILEVIA:StopPoint:BP:RIH099:LOC,2026-09-20T15:29:57.683+02:00,2026-09-20T15:31:14.000+02:00,noReport,ALLER
2026-10-07T02:43:03.542541+00:00,ILEVIA:Line::M1:LOC,SIRI:388450265,ILEVIA:StopPoint:BP:CGA099:LOC,2026-09-20T15:29:56.909+02:00,2026-09-20T15:35:10.000+02:00,noReport,ALLER
2026-10-07T02:43:03.542541+00:00,ILEVIA:Line::M1:LOC,SIRI:390294678,ILEVIA:StopPoint:BP:CGA098:LOC,2026-09-30T06:00:38.615+02:00,2026-09-30T06:02:20.000+02:00,noReport,RETOUR
2026-10-07T02:43:03.542541+00:00,ILEVIA:Line::M1:LOC,SIRI:390294847,ILEVIA:StopPoint:BP:CGA098:LOC,2026-09-30T06:00:38.615+02:00,2026-09-30T06:03:12.000+02:00,noReport,RETOUR
2026-10-07T02:43:03.542541+00:00,ILEVIA:Line::M1:LOC,SIRI:390294860,ILEVIA:StopPoint:BP:4CA098:LOC,2026-09-30T06:00:38.015+02:00,,,RETOUR
2026-10-07T02:43:03.542541+00:00,ILEVIA:Line::M1:LOC,SIRI:390294691,ILEVIA:StopPoint:BP:4CA098:LOC,2026-09-30T06:00:38.015+02:00,,,RETOUR
2026-10-07T02:43:03.542541+00:00,ILEVIA:Line::M1:LOC,SIRI:390294852,ILEVIA:StopPoint:BP:DFI098:LOC,2026-09-30T06:00:36.878+02:00,2026-09-30T06:13:46.000+02:00,noReport,RETOUR
2026-10-07T02:43:03.542541+00:00,ILEVIA:Line::M1:LOC,SIRI:390294683,ILEVIA:StopPoint:BP:DFI098:LOC,2026-09-30T06:00:36.878+02:00,2026-09-30T06:12:54.000+02:00,noReport,RETOUR
2026-10-07T02:43:03.542541+00:00,ILEVIA:Line::M1:LOC,SIRI:390294848,ILEVIA:StopPoint:BP:REP098:LOC,2026-09-30T06:00:37.602+02:00,2026-09-30T06:05:44.000+02:00,noReport,RETOUR
2026-10-07T02:43:03.542541+00:00,ILEVIA:Line::M1:LOC,SIRI:390294679,ILEVIA:StopPoint:BP:REP098:LOC,2026-09-30T06:00:37.602+02:00,2026-09-30T06:04:52.000+02:00,noReport,RETOUR
2026-10-07T02:43:03.542541+00:00,ILEVIA:Line::M1:LOC,SIRI:390294688,ILEVIA:StopPoint:BP:HDV098:LOC,2026-09-30T06:00:37.958+02:00,2026-09-30T06:23:48.000+02:00,noReport,RETOUR
2026-10-07T02:43:03.542541+00:00,ILEVIA:Line::M1:LOC,SIRI:390294857,ILEVIA:StopPoint:BP:HDV098:LOC,2026-09-30T06:00:37.958+02:00,2026-09-30T06:24:40.000+02:00,noReport,RETOUR
2026-10-07T02:43:03.542541+00:00,ILEVIA:Line::M1:LOC,SIRI:390294854,ILEVIA:StopPoint:BP:MHE098:LOC,2026-09-30T06:00:38.455+02:00,2026-09-30T06:18:07.000+02:00,noReport,RETOUR
2026-10-07T02:43:03.542541+00:00,ILEVIA:Line::M1:LOC,SIRI:390294685,ILEVIA:StopPoint:BP:MHE098:LOC,2026-09-30T06:00:38.455+02:00,2026-09-30T06:17:15.000+02:00,noReport,RETOUR
2026-10-07T02:43:03.542541+00:00,ILEVIA:Line::M1:LOC,SIRI:390294853,ILEVIA:StopPoint:BP:MRB098:LOC,2026-09-30T06:00:37.005+02:00,2026-09-30T06:15:33.000+02:00,noReport,RETOUR
2026-10-07T02:43:03.542541+00:00,ILEVIA:Line::M1:LOC,SIRI:390294684,ILEVIA:StopPoint:BP:MRB098:LOC,2026-09-30T06:00:37.005+02:00,2026-09-30T06:14:41.000+02:00,noReport,RETOUR
2026-10-07T02:43:03.542541+00:00,ILEVIA:Line::M1:LOC,SIRI:390294849,ILEVIA:StopPoint:BP:RIH098:LOC,2026-09-30T06:00:40.575+02:00,2026-09-30T06:07:08.000+02:00,noReport,RETOUR
2026-10-07T02:43:03.542541+00:00,ILEVIA:Line::M1:LOC,SIRI:390294680,ILEVIA:StopPoint:BP:RIH098:LOC,2026-09-30T06:00:40.575+02:00,2026-09-30T06:06:16.000+02:00,noReport,RETOUR
2026-10-07T02:43:03.542541+00:00,ILEVIA:Line::M1:LOC,SIRI:390294677,ILEVIA:StopPoint:BP:WAZ098:LOC,2026-09-30T06:00:38.551+02:00,2026-09-30T06:01:16.000+02:00,noReport,RETOUR
2026-10-07T02:43:03.542541+00:00,ILEVIA:Line::M1:LOC,SIRI:390294846,ILEVIA:StopPoint:BP:WAZ098:LOC,2026-09-30T06:00:38.551+02:00,2026-09-30T06:02:08.000+02:00,noReport,RETOUR
2026-10-07T02:43:03.542541+00:00,ILEVIA:Line::M1:LOC,SIRI:390294856,ILEVIA:StopPoint:BP:PDB098:LOC,2026-09-30T06:00:49.112+02:00,2026-09-30T06:22:24.000+02:00,noReport,RETOUR
2026-10-07T02:43:03.542541+00:00,ILEVIA:Line::M1:LOC,SIRI:390294859,ILEVIA:StopPoint:BP:CSC098:LOC,2026-09-30T06:00:44.030+02:00,2026-09-30T06:28:15.000+02:00,noReport,RETOUR
2026-10-07T02:43:03.542541+00:00,ILEVIA:Line::M1:LOC,SIRI:390294851,ILEVIA:StopPoint:BP:CIE098:LOC,2026-09-30T06:00:47.884+02:00,2026-09-30T06:12:25.000+02:00,noReport,RETOUR
2026-10-07T02:43:03.542541+00:00,ILEVIA:Line::M1:LOC,SIRI:390294850,ILEVIA:StopPoint:BP:LIG098:LOC,2026-09-30T06:00:43.971+02:00,2026-09-30T06:08:56.000+02:00,noReport,RETOUR
2026-10-07T02:43:03.542541+00:00,ILEVIA:Line::M1:LOC,SIRI:390294855,ILEVIA:StopPoint:BP:LZN098:LOC,2026-09-30T06:00:48.262+02:00,2026-09-30T06:19:47.000+02:00,noReport,RETOUR
2026-10-07T02:43:03.542541+00:00,ILEVIA:Line::M1:LOC,SIRI:390294858,ILEVIA:StopPoint:BP:TIO098:LOC,2026-09-30T06:00:49.792+02:00,2026-09-30T06:26:43.000+02:00,noReport,RETOUR
2026-10-07T02:43:03.542541+00:00,ILEVIA:Line::RME1:LOC,SIRI:390295543,ILEVIA:StopPoint:BP:CGA198:LOC,2026-09-30T06:53:40.464+02:00,2026-09-30T06:56:03.000+02:00,noReport,RETOUR
2026-10-07T02:43:03.542541+00:00,ILEVIA:Line::RME1:LOC,SIRI:390295542,ILEVIA:StopPoint:BP:WAZ198:LOC,2026-09-30T06:53:38.682+02:00,2026-09-30T06:54:38.000+02:00,noReport,RETOUR
2026-10-07T02:43:03.542541+00:00,ILEVIA:Line::RME1:LOC,SIRI:390295808,ILEVIA:StopPoint:BP:HDV198:LOC,2026-09-30T07:45:21.324+02:00,2026-09-30T07:51:10.000+02:00,noReport,RETOUR
2026-10-07T02:43:03.542541+00:00,ILEVIA:Line::RME1:LOC,SIRI:390296400,ILEVIA:StopPoint:BP:DFI198:LOC,2026-09-30T07:53:17.552+02:00,2026-09-30T08:07:58.000+02:00,noReport,ALLER
2026-10-07T02:43:03.542541+00:00,ILEVIA:Line::RME1:LOC,SIRI:390296405,ILEVIA:StopPoint:BP:WAZ199:LOC,2026-09-30T08:07:43.853+02:00,2026-09-30T08:23:25.000+02:00,noReport,ALLER
2026-10-07T02:43:03.542541+00:00,ILEVIA:Line::RME1:LOC,SIRI:390296404,ILEVIA:StopPoint:BP:CGA199:LOC,2026-09-30T08:07:53.710+02:00,2026-09-30T08:22:03.000+02:00,noReport,ALLER
2026-10-07T09:17:10.382600+00:00,ILEVIA:Line::M1:LOC,SIRI:388450256,ILEVIA:StopPoint:BP:PDB099:LOC,2026-09-20T14:31:42.073+02:00,2026-09-20T14:31:34.000+02:00,onTime,ALLER
2026-10-07T09:17:10.382600+00:00,ILEVIA:Line::M1:LOC,SIRI:388450261,ILEVIA:StopPoint:BP:CIE099:LOC,2026-09-20T14:55:21.269+02:00,2026-09-20T14:56:09.000+02:00,noReport,ALLER
2026-10-07T09:17:10.382600+00:00,ILEVIA:Line::M1:LOC,SIRI:388450264,ILEVIA:StopPoint:BP:REP099:LOC,2026-09-20T15:29:56.632+02:00,2026-09-20T15:32:38.000+02:00,noReport,ALLER
2026-10-07T09:17:10.382600+00:00,ILEVIA:Line::M1:LOC,SIRI:388450263,ILEVIA:StopPoint:BP:RIH099:LOC,2026-09-20T15:29:57.683+02:00,2026-09-20T15:31:14.000+02:00,noReport,ALLER
2026-10-07T09:17:10.382600+00:00,ILEVIA:Line::M1:LOC,SIRI:388450265,ILEVIA:StopPoint:BP:CGA099:LOC,2026-09-20T15:29:56.909+02:00,2026-09-20T15:35:10.000+02:00,noReport,ALLER
2026-10-07T09:17:10.382600+00:00,ILEVIA:Line::M1:LOC,SIRI:390294678,ILEVIA:StopPoint:BP:CGA098:LOC,2026-09-30T06:00:38.615+02:00,2026-09-30T06:02:20.000+02:00,noReport,RETOUR
2026-10-07T09:17:10.382600+00:00,ILEVIA:Line::M1:LOC,SIRI:390294847,ILEVIA:StopPoint:BP:CGA098:LOC,2026-09-30T06:00:38.615+02:00,2026-09-30T06:03:12.000+02:00,noReport,RETOUR
2026-10-07T09:17:10.382600+00:00,ILEVIA:Line::M1:LOC,SIRI:390294860,ILEVIA:StopPoint:BP:4CA098:LOC,2026-09-30T06:00:38.015+02:00,,,RETOUR
2026-10-07T09:17:10.382600+00:00,ILEVIA:Line::M1:LOC,SIRI:390294691,ILEVIA:StopPoint:BP:4CA098:LOC,2026-09-30T06:00:38.015+02:00,,,RETOUR
2026-10-07T09:17:10.382600+00:00,ILEVIA:Line::M1:LOC,SIRI:390294852,ILEVIA:StopPoint:BP:DFI098:LOC,2026-09-30T06:00:36.878+02:00,2026-09-30T06:13:46.000+02:00,noReport,RETOUR
2026-10-07T09:17:10.382600+00:00,ILEVIA:Line::M1:LOC,SIRI:390294683,ILEVIA:StopPoint:BP:DFI098:LOC,2026-09-30T06:00:36.878+02:00,2026-09-30T06:12:54.000+02:00,noReport,RETOUR
2026-10-07T09:17:10.382600+00:00,ILEVIA:Line::M1:LOC,SIRI:390294848,ILEVIA:StopPoint:BP:REP098:LOC,2026-09-30T06:00:37.602+02:00,2026-09-30T06:05:44.000+02:00,noReport,RETOUR
2026-10-07T09:17:10.382600+00:00,ILEVIA:Line::M1:LOC,SIRI:390294679,ILEVIA:StopPoint:BP:REP098:LOC,2026-09-30T06:00:37.602+02:00,2026-09-30T06:04:52.000+02:00,noReport,RETOUR
2026-10-07T09:17:10.382600+00:00,ILEVIA:Line::M1:LOC,SIRI:390294688,ILEVIA:StopPoint:BP:HDV098:LOC,2026-09-30T06:00:37.958+02:00,2026-09-30T06:23:48.000+02:00,noReport,RETOUR
2026-10-07T09:17:10.382600+00:00,ILEVIA:Line::M1:LOC,SIRI:390294857,ILEVIA:StopPoint:BP:HDV098:LOC,2026-09-30T06:00:37.958+02:00,2026-09-30T06:24:40.000+02:00,noReport,RETOUR
2026-10-07T09:17:10.382600+00:00,ILEVIA:Line::M1:LOC,SIRI:390294854,ILEVIA:StopPoint:BP:MHE098:LOC,2026-09-30T06:00:38.455+02:00,2026-09-30T06:18:07.000+02:00,noReport,RETOUR
2026-10-07T09:17:10.382600+00:00,ILEVIA:Line::M1:LOC,SIRI:390294685,ILEVIA:StopPoint:BP:MHE098:LOC,2026-09-30T06:00:38.455+02:00,2026-09-30T06:17:15.000+02:00,noReport,RETOUR
2026-10-07T09:17:10.382600+00:00,ILEVIA:Line::M1:LOC,SIRI:390294853,ILEVIA:StopPoint:BP:MRB098:LOC,2026-09-30T06:00:37.005+02:00,2026-09-30T06:15:33.000+02:00,noReport,RETOUR
2026-10-07T09:17:10.382600+00:00,ILEVIA:Line::M1:LOC,SIRI:390294684,ILEVIA:StopPoint:BP:MRB098:LOC,2026-09-30T06:00:37.005+02:00,2026-09-30T06:14:41.000+02:00,noReport,RETOUR
2026-10-07T09:17:10.382600+00:00,ILEVIA:Line::M1:LOC,SIRI:390294849,ILEVIA:StopPoint:BP:RIH098:LOC,2026-09-30T06:00:40.575+02:00,2026-09-30T06:07:08.000+02:00,noReport,RETOUR
2026-10-07T09:17:10.382600+00:00,ILEVIA:Line::M1:LOC,SIRI:390294680,ILEVIA:StopPoint:BP:RIH098:LOC,2026-09-30T06:00:40.575+02:00,2026-09-30T06:06:16.000+02:00,noReport,RETOUR
2026-10-07T09:17:10.382600+00:00,ILEVIA:Line::M1:LOC,SIRI:390294677,ILEVIA:StopPoint:BP:WAZ098:LOC,2026-09-30T06:00:38.551+02:00,2026-09-30T06:01:16.000+02:00,noReport,RETOUR
2026-10-07T09:17:10.382600+00:00,ILEVIA:Line::M1:LOC,SIRI:390294846,ILEVIA:StopPoint:BP:WAZ098:LOC,2026-09-30T06:00:38.551+02:00,2026-09-30T06:02:08.000+02:00,noReport,RETOUR
2026-10-07T09:17:10.382600+00:00,ILEVIA:Line::M1:LOC,SIRI:390294856,ILEVIA:StopPoint:BP:PDB098:LOC,2026-09-30T06:00:49.112+02:00,2026-09-30T06:22:24.000+02:00,noReport,RETOUR
2026-10-07T09:17:10.382600+00:00,ILEVIA:Line::M1:LOC,SIRI:390294859,ILEVIA:StopPoint:BP:CSC098:LOC,2026-09-30T06:00:44.030+02:00,2026-09-30T06:28:15.000+02:00,noReport,RETOUR
2026-10-07T09:17:10.382600+00:00,ILEVIA:Line::M1:LOC,SIRI:390294851,ILEVIA:StopPoint:BP:CIE098:LOC,2026-09-30T06:00:47.884+02:00,2026-09-30T06:12:25.000+02:00,noReport,RETOUR
2026-10-07T09:17:10.382600+00:00,ILEVIA:Line::M1:LOC,SIRI:390294850,ILEVIA:StopPoint:BP:LIG098:LOC,2026-09-30T06:00:43.971+02:00,2026-09-30T06:08:56.000+02:00,noReport,RETOUR
2026-10-07T09:17:10.382600+00:00,ILEVIA:Line::M1:LOC,SIRI:390294855,ILEVIA:StopPoint:BP:LZN098:LOC,2026-09-30T06:00:48.262+02:00,2026-09-30T06:19:47.000+02:00,noReport,RETOUR
2026-10-07T09:17:10.382600+00:00,ILEVIA:Line::M1:LOC,SIRI:390294858,ILEVIA:StopPoint:BP:TIO098:LOC,2026-09-30T06:00:49.792+02:00,2026-09-30T06:26:43.000+02:00,noReport,RETOUR
2026-10-07T09:17:10.382600+00:00,ILEVIA:Line::RME1:LOC,SIRI:390295543,ILEVIA:StopPoint:BP:CGA198:LOC,2026-09-30T06:53:40.464+02:00,2026-09-30T06:56:03.000+02:00,noReport,RETOUR
2026-10-07T09:17:10.382600+00:00,ILEVIA:Line::RME1:LOC,SIRI:390295542,ILEVIA:StopPoint:BP:WAZ198:LOC,2026-09-30T06:53:38.682+02:00,2026-09-30T06:54:38.000+02:00,noReport,RETOUR
2026-10-07T09:17:10.382600+00:00,ILEVIA:Line::RME1:LOC,SIRI:390295808,ILEVIA:StopPoint:BP:HDV198:LOC,2026-09-30T07:45:21.324+02:00,2026-09-30T07:51:10.000+02:00,noReport,RETOUR
2026-10-07T09:17:10.382600+00:00,ILEVIA:Line::RME1:LOC,SIRI:390296400,ILEVIA:StopPoint:BP:DFI198:LOC,2026-09-30T07:53:17.552+02:00,2026-09-30T08:07:58.000+02:00,noReport,ALLER
2026-10-07T09:17:10.382600+00:00,ILEVIA:Line::RME1:LOC,SIRI:390296405,ILEVIA:StopPoint:BP:WAZ199:LOC,2026-09-30T08:07:43.853+02:00,2026-09-30T08:23:25.000+02:00,noReport,ALLER
2026-10-07T09:17:10.382600+00:00,ILEVIA:Line::RME1:LOC,SIRI:390296404,ILEVIA:StopPoint:BP:CGA199:LOC,2026-09-30T08:07:53.710+02:00,2026-09-30T08:22:03.000+02:00,noReport,ALLER
2026-10-07T16:35:12.164622+00:00,ILEVIA:Line::M1:LOC,SIRI:388450256,ILEVIA:StopPoint:BP:PDB099:LOC,2026-09-20T14:31:42.073+02:00,2026-09-20T14:31:34.000+02:00,onTime,ALLER
2026-10-07T16:35:12.164622+00:00,ILEVIA:Line::M1:LOC,SIRI:388450261,ILEVIA:StopPoint:BP:CIE099:LOC,2026-09-20T14:55:21.269+02:00,2026-09-20T14:56:09.000+02:00,noReport,ALLER
2026-10-07T16:35:12.164622+00:00,ILEVIA:Line::M1:LOC,SIRI:388450264,ILEVIA:StopPoint:BP:REP099:LOC,2026-09-20T15:29:56.632+02:00,2026-09-20T15:32:38.000+02:00,noReport,ALLER
2026-10-07T16:35:12.164622+00:00,ILEVIA:Line::M1:LOC,SIRI:388450263,ILEVIA:StopPoint:BP:RIH099:LOC,2026-09-20T15:29:57.683+02:00,2026-09-20T15:31:14.000+02:00,noReport,ALLER
2026-10-07T16:35:12.164622+00:00,ILEVIA:Line::M1:LOC,SIRI:388450265,ILEVIA:StopPoint:BP:CGA099:LOC,2026-09-20T15:29:56.909+02:00,2026-09-20T15:35:10.000+02:00,noReport,ALLER
2026-10-07T16:35:12.164622+00:00,ILEVIA:Line::M1:LOC,SIRI:390294678,ILEVIA:StopPoint:BP:CGA098:LOC,2026-09-30T06:00:38.615+02:00,2026-09-30T06:02:20.000+02:00,noReport,RETOUR
2026-10-07T16:35:12.164622+00:00,ILEVIA:Line::M1:LOC,SIRI:390294847,ILEVIA:StopPoint:BP:CGA098:LOC,2026-09-30T06:00:38.615+02:00,2026-09-30T06:03:12.000+02:00,noReport,RETOUR
2026-10-07T16:35:12.164622+00:00,ILEVIA:Line::M1:LOC,SIRI:390294860,ILEVIA:StopPoint:BP:4CA098:LOC,2026-09-30T06:00:38.015+02:00,,,RETOUR
2026-10-07T16:35:12.164622+00:00,ILEVIA:Line::M1:LOC,SIRI:390294691,ILEVIA:StopPoint:BP:4CA098:LOC,2026-09-30T06:00:38.015+02:00,,,RETOUR
2026-10-07T16:35:12.164622+00:00,ILEVIA:Line::M1:LOC,SIRI:390294852,ILEVIA:StopPoint:BP:DFI098:LOC,2026-09-30T06:00:36.878+02:00,2026-09-30T06:13:46.000+02:00,noReport,RETOUR
2026-10-07T16:35:12.164622+00:00,ILEVIA:Line::M1:LOC,SIRI:390294683,ILEVIA:StopPoint:BP:DFI098:LOC,2026-09-30T06:00:36.878+02:00,2026-09-30T06:12:54.000+02:00,noReport,RETOUR
2026-10-07T16:35:12.164622+00:00,ILEVIA:Line::M1:LOC,SIRI:390294848,ILEVIA:StopPoint:BP:REP098:LOC,2026-09-30T06:00:37.602+02:00,2026-09-30T06:05:44.000+02:00,noReport,RETOUR
2026-10-07T16:35:12.164622+00:00,ILEVIA:Line::M1:LOC,SIRI:390294679,ILEVIA:StopPoint:BP:REP098:LOC,2026-09-30T06:00:37.602+02:00,2026-09-30T06:04:52.000+02:00,noReport,RETOUR
2026-10-07T16:35:12.164622+00:00,ILEVIA:Line::M1:LOC,SIRI:390294688,ILEVIA:StopPoint:BP:HDV098:LOC,2026-09-30T06:00:37.958+02:00,2026-09-30T06:23:48.000+02:00,noReport,RETOUR
2026-10-07T16:35:12.164622+00:00,ILEVIA:Line::M1:LOC,SIRI:390294857,ILEVIA:StopPoint:BP:HDV098:LOC,2026-09-30T06:00:37.958+02:00,2026-09-30T06:24:40.000+02:00,noReport,RETOUR
2026-10-07T16:35:12.164622+00:00,ILEVIA:Line::M1:LOC,SIRI:390294854,ILEVIA:StopPoint:BP:MHE098:LOC,2026-09-30T06:00:38.455+02:00,2026-09-30T06:18:07.000+02:00,noReport,RETOUR
2026-10-07T16:35:12.164622+00:00,ILEVIA:Line::M1:LOC,SIRI:390294685,ILEVIA:StopPoint:BP:MHE098:LOC,2026-09-30T06:00:38.455+02:00,2026-09-30T06:17:15.000+02:00,noReport,RETOUR
2026-10-07T16:35:12.164622+00:00,ILEVIA:Line::M1:LOC,SIRI:390294853,ILEVIA:StopPoint:BP:MRB098:LOC,2026-09-30T06:00:37.005+02:00,2026-09-30T06:15:33.000+02:00,noReport,RETOUR
2026-10-07T16:35:12.164622+00:00,ILEVIA:Line::M1:LOC,SIRI:390294684,ILEVIA:StopPoint:BP:MRB098:LOC,2026-09-30T06:00:37.005+02:00,2026-09-30T06:14:41.000+02:00,noReport,RETOUR
2026-10-07T16:35:12.164622+00:00,ILEVIA:Line::M1:LOC,SIRI:390294849,ILEVIA:StopPoint:BP:RIH098:LOC,2026-09-30T06:00:40.575+02:00,2026-09-30T06:07:08.000+02:00,noReport,RETOUR
2026-10-07T16:35:12.164622+00:00,ILEVIA:Line::M1:LOC,SIRI:390294680,ILEVIA:StopPoint:BP:RIH098:LOC,2026-09-30T06:00:40.575+02:00,2026-09-30T06:06:16.000+02:00,noReport,RETOUR
2026-10-07T16:35:12.164622+00:00,ILEVIA:Line::M1:LOC,SIRI:390294677,ILEVIA:StopPoint:BP:WAZ098:LOC,2026-09-30T06:00:38.551+02:00,2026-09-30T06:01:16.000+02:00,noReport,RETOUR
2026-10-07T16:35:12.164622+00:00,ILEVIA:Line::M1:LOC,SIRI:390294846,ILEVIA:StopPoint:BP:WAZ098:LOC,2026-09-30T06:00:38.551+02:00,2026-09-30T06:02:08.000+02:00,noReport,RETOUR
2026-10-07T16:35:12.164622+00:00,ILEVIA:Line::M1:LOC,SIRI:390294856,ILEVIA:StopPoint:BP:PDB098:LOC,2026-09-30T06:00:49.112+02:00,2026-09-30T06:22:24.000+02:00,noReport,RETOUR
2026-10-07T16:35:12.164622+00:00,ILEVIA:Line::M1:LOC,SIRI:390294859,ILEVIA:StopPoint:BP:CSC098:LOC,2026-09-30T06:00:44.030+02:00,2026-09-30T06:28:15.000+02:00,noReport,RETOUR
2026-10-07T16:35:12.164622+00:00,ILEVIA:Line::M1:LOC,SIRI:390294851,ILEVIA:StopPoint:BP:CIE098:LOC,2026-09-30T06:00:47.884+02:00,2026-09-30T06:12:25.000+02:00,noReport,RETOUR
2026-10-07T16:35:12.164622+00:00,ILEVIA:Line::M1:LOC,SIRI:390294850,ILEVIA:StopPoint:BP:LIG098:LOC,2026-09-30T06:00:43.971+02:00,2026-09-30T06:08:56.000+02:00,noReport,RETOUR
2026-10-07T16:35:12.164622+00:00,ILEVIA:Line::M1:LOC,SIRI:390294855,ILEVIA:StopPoint:BP:LZN098:LOC,2026-09-30T06:00:48.262+02:00,2026-09-30T06:19:47.000+02:00,noReport,RETOUR
2026-10-07T16:35:12.164622+00:00,ILEVIA:Line::M1:LOC,SIRI:390294858,ILEVIA:StopPoint:BP:TIO098:LOC,2026-09-30T06:00:49.792+02:00,2026-09-30T06:26:43.000+02:00,noReport,RETOUR
2026-10-07T16:35:12.164622+00:00,ILEVIA:Line::RME1:LOC,SIRI:390295543,ILEVIA:StopPoint:BP:CGA198:LOC,2026-09-30T06:53:40.464+02:00,2026-09-30T06:56:03.000+02:00,noReport,RETOUR
2026-10-07T16:35:12.164622+00:00,ILEVIA:Line::RME1:LOC,SIRI:390295542,ILEVIA:StopPoint:BP:WAZ198:LOC,2026-09-30T06:53:38.682+02:00,2026-09-30T06:54:38.000+02:00,noReport,RETOUR
2026-10-07T16:35:12.164622+00:00,ILEVIA:Line::RME1:LOC,SIRI:390295808,ILEVIA:StopPoint:BP:HDV198:LOC,2026-09-30T07:45:21.324+02:00,2026-09-30T07:51:10.000+02:00,noReport,RETOUR
2026-10-07T16:35:12.164622+00:00,ILEVIA:Line::RME1:LOC,SIRI:390296400,ILEVIA:StopPoint:BP:DFI198:LOC,2026-09-30T07:53:17.552+02:00,2026-09-30T08:07:58.000+02:00,noReport,ALLER
2026-10-07T16:35:12.164622+00:00,ILEVIA:Line::RME1:LOC,SIRI:390296405,ILEVIA:StopPoint:BP:WAZ199:LOC,2026-09-30T08:07:43.853+02:00,2026-09-30T08:23:25.000+02:00,noReport,ALLER
2026-10-07T16:35:12.164622+00:00,ILEVIA:Line::RME1:LOC,SIRI:390296404,ILEVIA:StopPoint:BP:CGA199:LOC,2026-09-30T08:07:53.710+02:00,2026-09-30T08:22:03.000+02:00,noReport,ALLER
2026-10-07T21:31:37.970735+00:00,ILEVIA:Line::M1:LOC,SIRI:388450256,ILEVIA:StopPoint:BP:PDB099:LOC,2026-09-20T14:31:42.073+02:00,2026-09-20T14:31:34.000+02:00,onTime,ALLER
2026-10-07T21:31:37.970735+00:00,ILEVIA:Line::M1:LOC,SIRI:388450261,ILEVIA:StopPoint:BP:CIE099:LOC,2026-09-20T14:55:21.269+02:00,2026-09-20T14:56:09.000+02:00,noReport,ALLER
2026-10-07T21:31:37.970735+00:00,ILEVIA:Line::M1:LOC,SIRI:388450264,ILEVIA:StopPoint:BP:REP099:LOC,2026-09-20T15:29:56.632+02:00,2026-09-20T15:32:38.000+02:00,noReport,ALLER
2026-10-07T21:31:37.970735+00:00,ILEVIA:Line::M1:LOC,SIRI:388450263,ILEVIA:StopPoint:BP:RIH099:LOC,2026-09-20T15:29:57.683+02:00,2026-09-20T15:31:14.000+02:00,noReport,ALLER
2026-10-07T21:31:37.970735+00:00,ILEVIA:Line::M1:LOC,SIRI:388450265,ILEVIA:StopPoint:BP:CGA099:LOC,2026-09-20T15:29:56.909+02:00,2026-09-20T15:35:10.000+02:00,noReport,ALLER
2026-10-07T21:31:37.970735+00:00,ILEVIA:Line::M1:LOC,SIRI:390294678,ILEVIA:StopPoint:BP:CGA098:LOC,2026-09-30T06:00:38.615+02:00,2026-09-30T06:02:20.000+02:00,noReport,RETOUR
2026-10-07T21:31:37.970735+00:00,ILEVIA:Line::M1:LOC,SIRI:390294847,ILEVIA:StopPoint:BP:CGA098:LOC,2026-09-30T06:00:38.615+02:00,2026-09-30T06:03:12.000+02:00,noReport,RETOUR
2026-10-07T21:31:37.970735+00:00,ILEVIA:Line::M1:LOC,SIRI:390294860,ILEVIA:StopPoint:BP:4CA098:LOC,2026-09-30T06:00:38.015+02:00,,,RETOUR
2026-10-07T21:31:37.970735+00:00,ILEVIA:Line::M1:LOC,SIRI:390294691,ILEVIA:StopPoint:BP:4CA098:LOC,2026-09-30T06:00:38.015+02:00,,,RETOUR
2026-10-07T21:31:37.970735+00:00,ILEVIA:Line::M1:LOC,SIRI:390294852,ILEVIA:StopPoint:BP:DFI098:LOC,2026-09-30T06:00:36.878+02:00,2026-09-30T06:13:46.000+02:00,noReport,RETOUR
2026-10-07T21:31:37.970735+00:00,ILEVIA:Line::M1:LOC,SIRI:390294683,ILEVIA:StopPoint:BP:DFI098:LOC,2026-09-30T06:00:36.878+02:00,2026-09-30T06:12:54.000+02:00,noReport,RETOUR
2026-10-07T21:31:37.970735+00:00,ILEVIA:Line::M1:LOC,SIRI:390294848,ILEVIA:StopPoint:BP:REP098:LOC,2026-09-30T06:00:37.602+02:00,2026-09-30T06:05:44.000+02:00,noReport,RETOUR
2026-10-07T21:31:37.970735+00:00,ILEVIA:Line::M1:LOC,SIRI:390294679,ILEVIA:StopPoint:BP:REP098:LOC,2026-09-30T06:00:37.602+02:00,2026-09-30T06:04:52.000+02:00,noReport,RETOUR
2026-10-07T21:31:37.970735+00:00,ILEVIA:Line::M1:LOC,SIRI:390294688,ILEVIA:StopPoint:BP:HDV098:LOC,2026-09-30T06:00:37.958+02:00,2026-09-30T06:23:48.000+02:00,noReport,RETOUR
2026-10-07T21:31:37.970735+00:00,ILEVIA:Line::M1:LOC,SIRI:390294857,ILEVIA:StopPoint:BP:HDV098:LOC,2026-09-30T06:00:37.958+02:00,2026-09-30T06:24:40.000+02:00,noReport,RETOUR
2026-10-07T21:31:37.970735+00:00,ILEVIA:Line::M1:LOC,SIRI:390294854,ILEVIA:StopPoint:BP:MHE098:LOC,2026-09-30T06:00:38.455+02:00,2026-09-30T06:18:07.000+02:00,noReport,RETOUR
2026-10-07T21:31:37.970735+00:00,ILEVIA:Line::M1:LOC,SIRI:390294685,ILEVIA:StopPoint:BP:MHE098:LOC,2026-09-30T06:00:38.455+02:00,2026-09-30T06:17:15.000+02:00,noReport,RETOUR
2026-10-07T21:31:37.970735+00:00,ILEVIA:Line::M1:LOC,SIRI:390294853,ILEVIA:StopPoint:BP:MRB098:LOC,2026-09-30T06:00:37.005+02:00,2026-09-30T06:15:33.000+02:00,noReport,RETOUR
2026-10-07T21:31:37.970735+00:00,ILEVIA:Line::M1:LOC,SIRI:390294684,ILEVIA:StopPoint:BP:MRB098:LOC,2026-09-30T06:00:37.005+02:00,2026-09-30T06:14:41.000+02:00,noReport,RETOUR
2026-10-07T21:31:37.970735+00:00,ILEVIA:Line::M1:LOC,SIRI:390294849,ILEVIA:StopPoint:BP:RIH098:LOC,2026-09-30T06:00:40.575+02:00,2026-09-30T06:07:08.000+02:00,noReport,RETOUR
2026-10-07T21:31:37.970735+00:00,ILEVIA:Line::M1:LOC,SIRI:390294680,ILEVIA:StopPoint:BP:RIH098:LOC,2026-09-30T06:00:40.575+02:00,2026-09-30T06:06:16.000+02:00,noReport,RETOUR
2026-10-07T21:31:37.970735+00:00,ILEVIA:Line::M1:LOC,SIRI:390294677,ILEVIA:StopPoint:BP:WAZ098:LOC,2026-09-30T06:00:38.551+02:00,2026-09-30T06:01:16.000+02:00,noReport,RETOUR
2026-10-07T21:31:37.970735+00:00,ILEVIA:Line::M1:LOC,SIRI:390294846,ILEVIA:StopPoint:BP:WAZ098:LOC,2026-09-30T06:00:38.551+02:00,2026-09-30T06:02:08.000+02:00,noReport,RETOUR
2026-10-07T21:31:37.970735+00:00,ILEVIA:Line::M1:LOC,SIRI:390294856,ILEVIA:StopPoint:BP:PDB098:LOC,2026-09-30T06:00:49.112+02:00,2026-09-30T06:22:24.000+02:00,noReport,RETOUR
2026-10-07T21:31:37.970735+00:00,ILEVIA:Line::M1:LOC,SIRI:390294859,ILEVIA:StopPoint:BP:CSC098:LOC,2026-09-30T06:00:44.030+02:00,2026-09-30T06:28:15.000+02:00,noReport,RETOUR
2026-10-07T21:31:37.970735+00:00,ILEVIA:Line::M1:LOC,SIRI:390294851,ILEVIA:StopPoint:BP:CIE098:LOC,2026-09-30T06:00:47.884+02:00,2026-09-30T06:12:25.000+02:00,noReport,RETOUR
2026-10-07T21:31:37.970735+00:00,ILEVIA:Line::M1:LOC,SIRI:390294850,ILEVIA:StopPoint:BP:LIG098:LOC,2026-09-30T06:00:43.971+02:00,2026-09-30T06:08:56.000+02:00,noReport,RETOUR
2026-10-07T21:31:37.970735+00:00,ILEVIA:Line::M1:LOC,SIRI:390294855,ILEVIA:StopPoint:BP:LZN098:LOC,2026-09-30T06:00:48.262+02:00,2026-09-30T06:19:47.000+02:00,noReport,RETOUR
2026-10-07T21:31:37.970735+00:00,ILEVIA:Line::M1:LOC,SIRI:390294858,ILEVIA:StopPoint:BP:TIO098:LOC,2026-09-30T06:00:49.792+02:00,2026-09-30T06:26:43.000+02:00,noReport,RETOUR
2026-10-07T21:31:37.970735+00:00,ILEVIA:Line::RME1:LOC,SIRI:390295543,ILEVIA:StopPoint:BP:CGA198:LOC,2026-09-30T06:53:40.464+02:00,2026-09-30T06:56:03.000+02:00,noReport,RETOUR
2026-10-07T21:31:37.970735+00:00,ILEVIA:Line::RME1:LOC,SIRI:390295542,ILEVIA:StopPoint:BP:WAZ198:LOC,2026-09-30T06:53:38.682+02:00,2026-09-30T06:54:38.000+02:00,noReport,RETOUR
2026-10-07T21:31:37.970735+00:00,ILEVIA:Line::RME1:LOC,SIRI:390295808,ILEVIA:StopPoint:BP:HDV198:LOC,2026-09-30T07:45:21.324+02:00,2026-09-30T07:51:10.000+02:00,noReport,RETOUR
2026-10-07T21:31:37.970735+00:00,ILEVIA:Line::RME1:LOC,SIRI:390296400,ILEVIA:StopPoint:BP:DFI198:LOC,2026-09-30T07:53:17.552+02:00,2026-09-30T08:07:58.000+02:00,noReport,ALLER
2026-10-07T21:31:37.970735+00:00,ILEVIA:Line::RME1:LOC,SIRI:390296405,ILEVIA:StopPoint:BP:WAZ199:LOC,2026-09-30T08:07:43.853+02:00,2026-09-30T08:23:25.000+02:00,noReport,ALLER
2026-10-07T21:31:37.970735+00:00,ILEVIA:Line::RME1:LOC,SIRI:390296404,ILEVIA:StopPoint:BP:CGA199:LOC,2026-09-30T08:07:53.710+02:00,2026-09-30T08:22:03.000+02:00,noReport,ALLER
2026-10-08T01:13:43.227411+00:00,ILEVIA:Line::M1:LOC,SIRI:388450256,ILEVIA:StopPoint:BP:PDB099:LOC,2026-09-20T14:31:42.073+02:00,2026-09-20T14:31:34.000+02:00,onTime,ALLER
2026-10-08T01:13:43.227411+00:00,ILEVIA:Line::M1:LOC,SIRI:388450261,ILEVIA:StopPoint:BP:CIE099:LOC,2026-09-20T14:55:21.269+02:00,2026-09-20T14:56:09.000+02:00,noReport,ALLER
2026-10-08T01:13:43.227411+00:00,ILEVIA:Line::M1:LOC,SIRI:388450264,ILEVIA:StopPoint:BP:REP099:LOC,2026-09-20T15:29:56.632+02:00,2026-09-20T15:32:38.000+02:00,noReport,ALLER
2026-10-08T01:13:43.227411+00:00,ILEVIA:Line::M1:LOC,SIRI:388450263,ILEVIA:StopPoint:BP:RIH099:LOC,2026-09-20T15:29:57.683+02:00,2026-09-20T15:31:14.000+02:00,noReport,ALLER
2026-10-08T01:13:43.227411+00:00,ILEVIA:Line::M1:LOC,SIRI:388450265,ILEVIA:StopPoint:BP:CGA099:LOC,2026-09-20T15:29:56.909+02:00,2026-09-20T15:35:10.000+02:00,noReport,ALLER
2026-10-08T01:13:43.227411+00:00,ILEVIA:Line::M1:LOC,SIRI:390294678,ILEVIA:StopPoint:BP:CGA098:LOC,2026-09-30T06:00:38.615+02:00,2026-09-30T06:02:20.000+02:00,noReport,RETOUR
2026-10-08T01:13:43.227411+00:00,ILEVIA:Line::M1:LOC,SIRI:390294847,ILEVIA:StopPoint:BP:CGA098:LOC,2026-09-30T06:00:38.615+02:00,2026-09-30T06:03:12.000+02:00,noReport,RETOUR
2026-10-08T01:13:43.227411+00:00,ILEVIA:Line::M1:LOC,SIRI:390294860,ILEVIA:StopPoint:BP:4CA098:LOC,2026-09-30T06:00:38.015+02:00,,,RETOUR
2026-10-08T01:13:43.227411+00:00,ILEVIA:Line::M1:LOC,SIRI:390294691,ILEVIA:StopPoint:BP:4CA098:LOC,2026-09-30T06:00:38.015+02:00,,,RETOUR
2026-10-08T01:13:43.227411+00:00,ILEVIA:Line::M1:LOC,SIRI:390294852,ILEVIA:StopPoint:BP:DFI098:LOC,2026-09-30T06:00:36.878+02:00,2026-09-30T06:13:46.000+02:00,noReport,RETOUR
2026-10-08T01:13:43.227411+00:00,ILEVIA:Line::M1:LOC,SIRI:390294683,ILEVIA:StopPoint:BP:DFI098:LOC,2026-09-30T06:00:36.878+02:00,2026-09-30T06:12:54.000+02:00,noReport,RETOUR
2026-10-08T01:13:43.227411+00:00,ILEVIA:Line::M1:LOC,SIRI:390294848,ILEVIA:StopPoint:BP:REP098:LOC,2026-09-30T06:00:37.602+02:00,2026-09-30T06:05:44.000+02:00,noReport,RETOUR
2026-10-08T01:13:43.227411+00:00,ILEVIA:Line::M1:LOC,SIRI:390294679,ILEVIA:StopPoint:BP:REP098:LOC,2026-09-30T06:00:37.602+02:00,2026-09-30T06:04:52.000+02:00,noReport,RETOUR
2026-10-08T01:13:43.227411+00:00,ILEVIA:Line::M1:LOC,SIRI:390294688,ILEVIA:StopPoint:BP:HDV098:LOC,2026-09-30T06:00:37.958+02:00,2026-09-30T06:23:48.000+02:00,noReport,RETOUR
2026-10-08T01:13:43.227411+00:00,ILEVIA:Line::M1:LOC,SIRI:390294857,ILEVIA:StopPoint:BP:HDV098:LOC,2026-09-30T06:00:37.958+02:00,2026-09-30T06:24:40.000+02:00,noReport,RETOUR
2026-10-08T01:13:43.227411+00:00,ILEVIA:Line::M1:LOC,SIRI:390294854,ILEVIA:StopPoint:BP:MHE098:LOC,2026-09-30T06:00:38.455+02:00,2026-09-30T06:18:07.000+02:00,noReport,RETOUR
2026-10-08T01:13:43.227411+00:00,ILEVIA:Line::M1:LOC,SIRI:390294685,ILEVIA:StopPoint:BP:MHE098:LOC,2026-09-30T06:00:38.455+02:00,2026-09-30T06:17:15.000+02:00,noReport,RETOUR
2026-10-08T01:13:43.227411+00:00,ILEVIA:Line::M1:LOC,SIRI:390294853,ILEVIA:StopPoint:BP:MRB098:LOC,2026-09-30T06:00:37.005+02:00,2026-09-30T06:15:33.000+02:00,noReport,RETOUR
2026-10-08T01:13:43.227411+00:00,ILEVIA:Line::M1:LOC,SIRI:390294684,ILEVIA:StopPoint:BP:MRB098:LOC,2026-09-30T06:00:37.005+02:00,2026-09-30T06:14:41.000+02:00,noReport,RETOUR
2026-10-08T01:13:43.227411+00:00,ILEVIA:Line::M1:LOC,SIRI:390294849,ILEVIA:StopPoint:BP:RIH098:LOC,2026-09-30T06:00:40.575+02:00,2026-09-30T06:07:08.000+02:00,noReport,RETOUR
2026-10-08T01:13:43.227411+00:00,ILEVIA:Line::M1:LOC,SIRI:390294680,ILEVIA:StopPoint:BP:RIH098:LOC,2026-09-30T06:00:40.575+02:00,2026-09-30T06:06:16.000+02:00,noReport,RETOUR
2026-10-08T01:13:43.227411+00:00,ILEVIA:Line::M1:LOC,SIRI:390294677,ILEVIA:StopPoint:BP:WAZ098:LOC,2026-09-30T06:00:38.551+02:00,2026-09-30T06:01:16.000+02:00,noReport,RETOUR
2026-10-08T01:13:43.227411+00:00,ILEVIA:Line::M1:LOC,SIRI:390294846,ILEVIA:StopPoint:BP:WAZ098:LOC,2026-09-30T06:00:38.551+02:00,2026-09-30T06:02:08.000+02:00,noReport,RETOUR
2026-10-08T01:13:43.227411+00:00,ILEVIA:Line::M1:LOC,SIRI:390294856,ILEVIA:StopPoint:BP:PDB098:LOC,2026-09-30T06:00:49.112+02:00,2026-09-30T06:22:24.000+02:00,noReport,RETOUR
2026-10-08T01:13:43.227411+00:00,ILEVIA:Line::M1:LOC,SIRI:390294859,ILEVIA:StopPoint:BP:CSC098:LOC,2026-09-30T06:00:44.030+02:00,2026-09-30T06:28:15.000+02:00,noReport,RETOUR
2026-10-08T01:13:43.227411+00:00,ILEVIA:Line::M1:LOC,SIRI:390294851,ILEVIA:StopPoint:BP:CIE098:LOC,2026-09-30T06:00:47.884+02:00,2026-09-30T06:12:25.000+02:00,noReport,RETOUR
2026-10-08T01:13:43.227411+00:00,ILEVIA:Line::M1:LOC,SIRI:390294850,ILEVIA:StopPoint:BP:LIG098:LOC,2026-09-30T06:00:43.971+02:00,2026-09-30T06:08:56.000+02:00,noReport,RETOUR
2026-10-08T01:13:43.227411+00:00,ILEVIA:Line::M1:LOC,SIRI:390294855,ILEVIA:StopPoint:BP:LZN098:LOC,2026-09-30T06:00:48.262+02:00,2026-09-30T06:19:47.000+02:00,noReport,RETOUR
2026-10-08T01:13:43.227411+00:00,ILEVIA:Line::M1:LOC,SIRI:390294858,ILEVIA:StopPoint:BP:TIO098:LOC,2026-09-30T06:00:49.792+02:00,2026-09-30T06:26:43.000+02:00,noReport,RETOUR
2026-10-08T01:13:43.227411+00:00,ILEVIA:Line::RME1:LOC,SIRI:390295543,ILEVIA:StopPoint:BP:CGA198:LOC,2026-09-30T06:53:40.464+02:00,2026-09-30T06:56:03.000+02:00,noReport,RETOUR
2026-10-08T01:13:43.227411+00:00,ILEVIA:Line::RME1:LOC,SIRI:390295542,ILEVIA:StopPoint:BP:WAZ198:LOC,2026-09-30T06:53:38.682+02:00,2026-09-30T06:54:38.000+02:00,noReport,RETOUR
2026-10-08T01:13:43.227411+00:00,ILEVIA:Line::RME1:LOC,SIRI:390295808,ILEVIA:StopPoint:BP:HDV198:LOC,2026-09-30T07:45:21.324+02:00,2026-09-30T07:51:10.000+02:00,noReport,RETOUR
2026-10-08T01:13:43.227411+00:00,ILEVIA:Line::RME1:LOC,SIRI:390296400,ILEVIA:StopPoint:BP:DFI198:LOC,2026-09-30T07:53:17.552+02:00,2026-09-30T08:07:58.000+02:00,noReport,ALLER
2026-10-08T01:13:43.227411+00:00,ILEVIA:Line::RME1:LOC,SIRI:390296405,ILEVIA:StopPoint:BP:WAZ199:LOC,2026-09-30T08:07:43.853+02:00,2026-09-30T08:23:25.000+02:00,noReport,ALLER
2026-10-08T01:13:43.227411+00:00,ILEVIA:Line::RME1:LOC,SIRI:390296404,ILEVIA:StopPoint:BP:CGA199:LOC,2026-09-30T08:07:53.710+02:00,2026-09-30T08:22:03.000+02:00,noReport,ALLER
